Country,year,num_conflicts,avg_intensity,max_intensity,avg_duration,total_duration,conflict_type_count,has_territory_conflict,has_government_conflict,has_both_conflict,conflicts_past_3years,intensity_past_3years
Afghanistan,1978,1,2,2,,0,1,0,1,0,1,2
Afghanistan,1979,1,2,2,,0,1,0,1,0,1,2
Afghanistan,1980,1,2,2,,0,1,0,1,0,1,2
Afghanistan,1981,1,2,2,,0,1,0,1,0,1,2
Afghanistan,1982,1,2,2,,0,1,0,1,0,1,2
Afghanistan,1983,1,2,2,,0,1,0,1,0,1,2
Afghanistan,1984,1,2,2,,0,1,0,1,0,1,2
Afghanistan,1985,1,2,2,,0,1,0,1,0,1,2
Afghanistan,1986,1,2,2,,0,1,0,1,0,1,2
Afghanistan,1987,1,2,2,,0,1,0,1,0,1,2
Afghanistan,1988,1,2,2,,0,1,0,1,0,1,2
Afghanistan,1989,1,2,2,,0,1,0,1,0,1,2
Afghanistan,1990,1,2,2,,0,1,0,1,0,1,2
Afghanistan,1991,1,2,2,,0,1,0,1,0,1,2
Afghanistan,1992,1,2,2,,0,1,0,1,0,1,2
Afghanistan,1993,1,2,2,,0,1,0,1,0,1,2
Afghanistan,1994,1,2,2,,0,1,0,1,0,1,2
Afghanistan,1995,1,2,2,,0,1,0,1,0,1,2
Afghanistan,1996,1,2,2,,0,1,0,1,0,1,2
Afghanistan,1997,1,2,2,,0,1,0,1,0,1,2
Afghanistan,1998,1,2,2,,0,1,0,1,0,1,2
Afghanistan,1999,1,2,2,,0,1,0,1,0,1,2
Afghanistan,2000,1,2,2,,0,1,0,1,0,1,2
Afghanistan,2001,1,2,2,,0,1,0,1,0,1,2
Afghanistan,2002,1,1,1,,0,1,0,1,0,1,1.666666667
Afghanistan,2003,1,1,1,,0,1,0,1,0,1,1.333333333
Afghanistan,2004,1,1,1,,0,1,0,1,0,1,1
Afghanistan,2005,1,2,2,,0,1,0,1,0,1,1.333333333
Afghanistan,2006,1,2,2,,0,1,0,1,0,1,1.666666667
Afghanistan,2007,1,2,2,,0,1,0,1,0,1,2
Afghanistan,2008,1,2,2,,0,1,0,1,0,1,2
Afghanistan,2009,1,2,2,,0,1,0,1,0,1,2
Afghanistan,2010,1,2,2,,0,1,0,1,0,1,2
Afghanistan,2011,1,2,2,,0,1,0,1,0,1,2
Afghanistan,2012,1,2,2,,0,1,0,1,0,1,2
Afghanistan,2013,1,2,2,,0,1,0,1,0,1,2
Afghanistan,2014,1,2,2,,0,1,0,1,0,1,2
Afghanistan,2015,2,1.5,2,,0,1,1,1,0,1.333333333,1.833333333
Afghanistan,2016,2,2,2,,0,1,1,1,0,1.666666667,1.833333333
Afghanistan,2017,2,2,2,,0,1,1,1,0,2,1.833333333
Afghanistan,2018,2,2,2,,0,1,1,1,0,2,2
Afghanistan,2019,2,2,2,,0,1,1,1,0,2,2
Afghanistan,2020,2,1.5,2,,0,1,1,1,0,2,1.833333333
Afghanistan,2021,2,1.5,2,,0,1,1,1,0,2,1.666666667
Afghanistan,2022,2,1,1,,0,1,1,1,0,2,1.333333333
Afghanistan,2023,2,1,1,,0,1,1,1,0,2,1.166666667
"Afghanistan, Russia (Soviet Union)",1979,1,1,1,1,1,1,0,1,0,1,1
"Afghanistan, United Kingdom, United States of America",2001,1,2,2,37,37,1,0,1,0,1,2
"Albania, United Kingdom",1946,1,1,1,70,70,1,1,0,0,1,1
Algeria,1954,1,1,1,,0,1,1,0,0,1,1
Algeria,1955,1,2,2,,0,1,1,0,0,1,1.5
Algeria,1956,1,2,2,,0,1,1,0,0,1,1.666666667
Algeria,1957,1,2,2,,0,1,1,0,0,1,2
Algeria,1958,1,2,2,,0,1,1,0,0,1,2
Algeria,1959,1,2,2,,0,1,1,0,0,1,2
Algeria,1960,1,2,2,,0,1,1,0,0,1,2
Algeria,1961,1,2,2,,0,1,1,0,0,1,2
Algeria,1962,1,1,1,2667,2667,1,1,0,0,1,1.666666667
Algeria,1991,1,1,1,,0,1,0,1,0,1,1.333333333
Algeria,1992,1,1,1,,0,1,0,1,0,1,1
Algeria,1993,1,1,1,,0,1,0,1,0,1,1
Algeria,1994,1,2,2,,0,1,0,1,0,1,1.333333333
Algeria,1995,1,2,2,,0,1,0,1,0,1,1.666666667
Algeria,1996,1,2,2,,0,1,0,1,0,1,2
Algeria,1997,1,2,2,,0,1,0,1,0,1,2
Algeria,1998,1,2,2,,0,1,0,1,0,1,2
Algeria,1999,1,2,2,,0,1,0,1,0,1,2
Algeria,2000,1,1,1,,0,1,0,1,0,1,1.666666667
Algeria,2001,1,1,1,,0,1,0,1,0,1,1.333333333
Algeria,2002,1,1,1,,0,1,0,1,0,1,1
Algeria,2003,1,1,1,,0,1,0,1,0,1,1
Algeria,2004,1,1,1,,0,1,0,1,0,1,1
Algeria,2005,1,1,1,,0,1,0,1,0,1,1
Algeria,2006,1,1,1,,0,1,0,1,0,1,1
Algeria,2007,1,1,1,,0,1,0,1,0,1,1
Algeria,2008,1,1,1,,0,1,0,1,0,1,1
Algeria,2009,1,1,1,,0,1,0,1,0,1,1
Algeria,2010,1,1,1,,0,1,0,1,0,1,1
Algeria,2011,1,1,1,,0,1,0,1,0,1,1
Algeria,2012,1,1,1,,0,1,0,1,0,1,1
Algeria,2013,1,1,1,,0,1,0,1,0,1,1
Algeria,2014,1,1,1,,0,1,0,1,0,1,1
Algeria,2015,2,1,1,0,0,1,1,1,0,1.333333333,1
Algeria,2016,1,1,1,,0,1,0,1,0,1.333333333,1
Algeria,2017,1,1,1,,0,1,0,1,0,1.333333333,1
Algeria,2018,1,1,1,9842,9842,1,0,1,0,1,1
Algeria,2020,1,1,1,1,1,1,0,1,0,1,1
"Algeria, Morocco",1963,1,1,1,27,27,1,1,0,0,1,1
Angola,1961,1,2,2,,0,1,1,0,0,1,2
Angola,1962,1,2,2,,0,1,1,0,0,1,2
Angola,1963,1,1,1,,0,1,1,0,0,1,1.666666667
Angola,1964,1,1,1,,0,1,1,0,0,1,1.333333333
Angola,1965,1,1,1,,0,1,1,0,0,1,1
Angola,1966,1,1,1,,0,1,1,0,0,1,1
Angola,1967,1,1,1,,0,1,1,0,0,1,1
Angola,1968,1,1,1,,0,1,1,0,0,1,1
Angola,1969,1,1,1,,0,1,1,0,0,1,1
Angola,1970,1,1,1,,0,1,1,0,0,1,1
Angola,1971,1,1,1,,0,1,1,0,0,1,1
Angola,1972,1,1,1,,0,1,1,0,0,1,1
Angola,1973,1,1,1,,0,1,1,0,0,1,1
Angola,1974,1,1,1,5007,5007,1,1,0,0,1,1
Angola,1975,1,2,2,,0,1,0,1,0,1,1.333333333
Angola,1976,1,2,2,,0,1,0,1,0,1,1.666666667
Angola,1977,1,2,2,,0,1,0,1,0,1,2
Angola,1978,1,2,2,,0,1,0,1,0,1,2
Angola,1979,1,2,2,,0,1,0,1,0,1,2
Angola,1980,1,2,2,,0,1,0,1,0,1,2
Angola,1981,1,2,2,,0,1,0,1,0,1,2
Angola,1982,1,2,2,,0,1,0,1,0,1,2
Angola,1983,1,2,2,,0,1,0,1,0,1,2
Angola,1984,1,2,2,,0,1,0,1,0,1,2
Angola,1985,1,2,2,,0,1,0,1,0,1,2
Angola,1986,1,2,2,,0,1,0,1,0,1,2
Angola,1987,1,2,2,,0,1,0,1,0,1,2
Angola,1988,1,2,2,,0,1,0,1,0,1,2
Angola,1989,1,2,2,,0,1,0,1,0,1,2
Angola,1990,1,2,2,,0,1,0,1,0,1,2
Angola,1991,2,1,1,,0,1,1,1,0,1.333333333,1.666666667
Angola,1992,2,1.5,2,366,366,1,1,1,0,1.666666667,1.5
Angola,1993,1,2,2,,0,1,0,1,0,1.666666667,1.5
Angola,1994,2,1.5,2,,0,1,1,1,0,1.666666667,1.666666667
Angola,1995,2,1,1,7348,7348,1,1,1,0,1.666666667,1.5
Angola,1996,1,1,1,,0,1,1,0,0,1.666666667,1.166666667
Angola,1997,1,1,1,,0,1,1,0,0,1.333333333,1
Angola,1998,2,1.5,2,1461,1461,1,1,1,0,1.333333333,1.166666667
Angola,1999,1,2,2,,0,1,0,1,0,1.333333333,1.5
Angola,2000,1,2,2,,0,1,0,1,0,1.333333333,1.833333333
Angola,2001,1,2,2,,0,1,0,1,0,1,2
Angola,2002,2,1,1,1430,1430,2,1,1,0,1.333333333,1.666666667
Angola,2003,1,1,1,,0,1,1,0,0,1.333333333,1.333333333
Angola,2004,1,1,1,780,780,1,1,0,0,1.333333333,1
Angola,2007,1,1,1,0,0,1,1,0,0,1,1
Angola,2009,1,1,1,0,0,1,1,0,0,1,1
Angola,2016,1,1,1,,0,1,1,0,0,1,1
Angola,2017,1,1,1,365,365,1,1,0,0,1,1
Angola,2019,1,1,1,,0,1,1,0,0,1,1
Angola,2020,1,1,1,366,366,1,1,0,0,1,1
Angola,2022,1,1,1,0,0,1,1,0,0,1,1
Argentina,1955,1,1,1,95,95,1,0,1,0,1,1
Argentina,1963,1,1,1,173,173,1,0,1,0,1,1
Argentina,1974,1,1,1,,0,1,0,1,0,1,1
Argentina,1975,1,1,1,,0,1,0,1,0,1,1
Argentina,1976,1,1,1,,0,1,0,1,0,1,1
Argentina,1977,1,1,1,1238,1238,1,0,1,0,1,1
"Argentina, United Kingdom",1982,1,1,1,43,43,1,1,0,0,1,1
"Australia, Iraq, United Kingdom, United States of America",2003,1,2,2,36,36,1,0,1,0,1,2
Azerbaijan,1991,1,1,1,,0,1,1,0,0,1,1
Azerbaijan,1992,1,2,2,,0,1,1,0,0,1,1.5
Azerbaijan,1993,2,1.5,2,9,9,2,1,1,0,1.333333333,1.5
Azerbaijan,1994,1,2,2,928,928,1,1,0,0,1.333333333,1.833333333
Azerbaijan,1995,1,1,1,0,0,1,0,1,0,1.333333333,1.5
Azerbaijan,1997,1,1,1,,0,1,1,0,0,1,1.333333333
Azerbaijan,1998,1,1,1,620,620,1,1,0,0,1,1
Azerbaijan,2005,1,1,1,0,0,1,1,0,0,1,1
Azerbaijan,2008,1,1,1,0,0,1,1,0,0,1,1
Azerbaijan,2012,1,1,1,0,0,1,1,0,0,1,1
Azerbaijan,2014,1,1,1,,0,1,1,0,0,1,1
Azerbaijan,2015,1,1,1,,0,1,1,0,0,1,1
Azerbaijan,2016,1,1,1,,0,1,1,0,0,1,1
Azerbaijan,2017,1,1,1,1231,1231,1,1,0,0,1,1
Azerbaijan,2020,1,2,2,,0,1,1,0,0,1,1.333333333
Azerbaijan,2021,1,1,1,,0,1,1,0,0,1,1.333333333
Azerbaijan,2022,1,1,1,,0,1,1,0,0,1,1.333333333
Azerbaijan,2023,1,1,1,,0,1,1,0,0,1,1
Bangladesh,1975,1,1,1,,0,1,1,0,0,1,1
Bangladesh,1976,1,1,1,,0,1,1,0,0,1,1
Bangladesh,1977,1,1,1,,0,1,1,0,0,1,1
Bangladesh,1978,1,1,1,,0,1,1,0,0,1,1
Bangladesh,1979,1,1,1,,0,1,1,0,0,1,1
Bangladesh,1980,1,1,1,,0,1,1,0,0,1,1
Bangladesh,1981,1,1,1,,0,1,1,0,0,1,1
Bangladesh,1982,1,1,1,,0,1,1,0,0,1,1
Bangladesh,1983,1,1,1,,0,1,1,0,0,1,1
Bangladesh,1984,1,1,1,,0,1,1,0,0,1,1
Bangladesh,1985,1,1,1,,0,1,1,0,0,1,1
Bangladesh,1986,1,1,1,,0,1,1,0,0,1,1
Bangladesh,1987,1,1,1,,0,1,1,0,0,1,1
Bangladesh,1988,1,1,1,,0,1,1,0,0,1,1
Bangladesh,1989,1,1,1,,0,1,1,0,0,1,1
Bangladesh,1990,1,1,1,,0,1,1,0,0,1,1
Bangladesh,1991,1,1,1,6150,6150,1,1,0,0,1,1
Bangladesh,2005,1,1,1,,0,1,0,1,0,1,1
Bangladesh,2006,1,1,1,682,682,1,0,1,0,1,1
Bangladesh,2016,1,1,1,,0,1,1,0,0,1,1
Bangladesh,2017,1,1,1,373,373,1,1,0,0,1,1
Benin,2022,1,1,1,,0,1,0,1,0,1,1
Benin,2023,1,1,1,,0,1,0,1,0,1,1
Bolivia,1946,1,2,2,0,0,1,0,1,0,1,2
Bolivia,1949,1,1,1,0,0,1,0,1,0,1,1.5
Bolivia,1952,1,1,1,3,3,1,0,1,0,1,1.333333333
Bolivia,1967,1,1,1,199,199,1,0,1,0,1,1
Bosnia-Herzegovina,1992,2,1.5,2,,0,2,1,0,0,2,1.5
Bosnia-Herzegovina,1993,3,1.666666667,2,,0,2,1,0,0,2.5,1.583333333
Bosnia-Herzegovina,1994,3,1.666666667,2,603,603,1,1,0,0,2.666666667,1.611111111
Bosnia-Herzegovina,1995,2,1.5,2,994.5,1989,1,1,0,0,2.666666667,1.611111111
Brunei,1962,1,1,1,23,23,1,1,0,0,1,1
Burkina Faso,1987,1,1,1,0,0,1,0,1,0,1,1
Burkina Faso,2018,1,1,1,,0,1,0,1,0,1,1
Burkina Faso,2019,2,1,1,,0,1,1,1,0,1.333333333,1
Burkina Faso,2020,2,1,1,,0,1,1,1,0,1.666666667,1
Burkina Faso,2021,2,1,1,,0,1,1,1,0,2,1
Burkina Faso,2022,2,1.5,2,,0,1,1,1,0,2,1.166666667
Burkina Faso,2023,2,1.5,2,,0,2,1,1,0,2,1.333333333
"Burkina Faso, Mali",1985,1,1,1,5,5,1,1,0,0,1,1
Burundi,1965,1,1,1,0,0,1,0,1,0,1,1
Burundi,1991,1,1,1,,0,1,0,1,0,1,1
Burundi,1992,1,1,1,139,139,1,0,1,0,1,1
Burundi,1994,1,1,1,,0,1,0,1,0,1,1
Burundi,1995,1,1,1,,0,1,0,1,0,1,1
Burundi,1996,1,1,1,,0,1,0,1,0,1,1
Burundi,1997,1,2,2,,0,1,0,1,0,1,1.333333333
Burundi,1998,1,1,1,,0,1,0,1,0,1,1.333333333
Burundi,1999,1,1,1,,0,1,0,1,0,1,1.333333333
Burundi,2000,1,2,2,,0,1,0,1,0,1,1.333333333
Burundi,2001,1,2,2,,0,1,0,1,0,1,1.666666667
Burundi,2002,1,2,2,,0,1,0,1,0,1,2
Burundi,2003,1,1,1,,0,1,0,1,0,1,1.666666667
Burundi,2004,1,1,1,,0,1,0,1,0,1,1.333333333
Burundi,2005,1,1,1,,0,1,0,1,0,1,1
Burundi,2006,1,1,1,4361,4361,1,0,1,0,1,1
Burundi,2008,1,1,1,267,267,1,0,1,0,1,1
Burundi,2014,1,1,1,,0,1,0,1,0,1,1
Burundi,2015,1,1,1,346,346,1,0,1,0,1,1
Burundi,2019,1,1,1,,0,1,0,1,0,1,1
Burundi,2020,1,1,1,,0,1,0,1,0,1,1
Burundi,2021,1,1,1,,0,1,0,1,0,1,1
Burundi,2022,1,1,1,,0,1,0,1,0,1,1
Burundi,2023,1,1,1,,0,1,0,1,0,1,1
Cambodia (Kampuchea),1946,1,1,1,,0,1,1,0,0,1,1
Cambodia (Kampuchea),1947,1,1,1,,0,1,1,0,0,1,1
Cambodia (Kampuchea),1948,1,1,1,,0,1,1,0,0,1,1
Cambodia (Kampuchea),1949,1,1,1,,0,1,1,0,0,1,1
Cambodia (Kampuchea),1950,1,1,1,,0,1,1,0,0,1,1
Cambodia (Kampuchea),1951,1,1,1,,0,1,1,0,0,1,1
Cambodia (Kampuchea),1952,1,1,1,,0,1,1,0,0,1,1
Cambodia (Kampuchea),1953,1,1,1,2627,2627,1,1,0,0,1,1
Cambodia (Kampuchea),1967,1,2,2,,0,1,0,1,0,1,1.333333333
Cambodia (Kampuchea),1968,1,1,1,,0,1,0,1,0,1,1.333333333
Cambodia (Kampuchea),1969,1,1,1,,0,1,0,1,0,1,1.333333333
Cambodia (Kampuchea),1970,1,2,2,,0,1,0,1,0,1,1.333333333
Cambodia (Kampuchea),1971,1,2,2,,0,1,0,1,0,1,1.666666667
Cambodia (Kampuchea),1972,1,2,2,,0,1,0,1,0,1,2
Cambodia (Kampuchea),1973,1,2,2,,0,1,0,1,0,1,2
Cambodia (Kampuchea),1974,1,2,2,,0,1,0,1,0,1,2
Cambodia (Kampuchea),1975,1,2,2,2878,2878,1,0,1,0,1,2
Cambodia (Kampuchea),1978,1,2,2,,0,1,0,1,0,1,2
Cambodia (Kampuchea),1979,1,1,1,,0,1,0,1,0,1,1.666666667
Cambodia (Kampuchea),1980,1,1,1,,0,1,0,1,0,1,1.333333333
Cambodia (Kampuchea),1981,1,1,1,,0,1,0,1,0,1,1
Cambodia (Kampuchea),1982,1,1,1,,0,1,0,1,0,1,1
Cambodia (Kampuchea),1983,1,1,1,,0,1,0,1,0,1,1
Cambodia (Kampuchea),1984,1,1,1,,0,1,0,1,0,1,1
Cambodia (Kampuchea),1985,1,1,1,,0,1,0,1,0,1,1
Cambodia (Kampuchea),1986,1,1,1,,0,1,0,1,0,1,1
Cambodia (Kampuchea),1987,1,1,1,,0,1,0,1,0,1,1
Cambodia (Kampuchea),1988,1,1,1,,0,1,0,1,0,1,1
Cambodia (Kampuchea),1989,1,1,1,,0,1,0,1,0,1,1
Cambodia (Kampuchea),1990,1,1,1,,0,1,0,1,0,1,1
Cambodia (Kampuchea),1991,1,1,1,,0,1,0,1,0,1,1
Cambodia (Kampuchea),1992,1,1,1,,0,1,0,1,0,1,1
Cambodia (Kampuchea),1993,1,1,1,,0,1,0,1,0,1,1
Cambodia (Kampuchea),1994,1,1,1,,0,1,0,1,0,1,1
Cambodia (Kampuchea),1995,1,1,1,,0,1,0,1,0,1,1
Cambodia (Kampuchea),1996,1,1,1,,0,1,0,1,0,1,1
Cambodia (Kampuchea),1997,1,1,1,,0,1,0,1,0,1,1
Cambodia (Kampuchea),1998,1,1,1,7217,7217,1,0,1,0,1,1
"Cambodia (Kampuchea), Thailand",1977,1,1,1,,0,1,1,0,0,1,1
"Cambodia (Kampuchea), Thailand",1978,1,1,1,365,365,1,1,0,0,1,1
"Cambodia (Kampuchea), Thailand",2011,1,1,1,4,4,1,1,0,0,1,1
"Cambodia (Kampuchea), Vietnam (North Vietnam)",1975,1,1,1,,0,1,1,0,0,1,1
"Cambodia (Kampuchea), Vietnam (North Vietnam)",1976,1,1,1,,0,1,1,0,0,1,1
"Cambodia (Kampuchea), Vietnam (North Vietnam)",1977,1,1,1,731,731,1,1,0,0,1,1
Cameroon,1957,1,1,1,,0,1,1,0,0,1,1
Cameroon,1958,1,1,1,,0,1,1,0,0,1,1
Cameroon,1959,1,1,1,822,822,1,1,0,0,1,1
Cameroon,1960,1,2,2,,0,1,0,1,0,1,1.333333333
Cameroon,1961,1,1,1,700,700,1,0,1,0,1,1.333333333
Cameroon,1984,1,1,1,3,3,1,0,1,0,1,1.333333333
Cameroon,2015,2,1,1,,0,1,1,1,0,1.333333333,1
Cameroon,2016,2,1,1,422,422,1,1,1,0,1.666666667,1
Cameroon,2017,2,1,1,1056,1056,1,1,1,0,2,1
Cameroon,2018,1,1,1,,0,1,1,0,0,1.666666667,1
Cameroon,2019,2,1,1,143,143,2,1,0,0,1.666666667,1
Cameroon,2020,2,1,1,78,78,1,1,1,0,1.666666667,1
Cameroon,2021,2,1,1,142,142,2,1,0,0,2,1
Cameroon,2022,2,1,1,,0,1,1,1,0,2,1
Cameroon,2023,3,1,1,,0,1,1,1,0,2.333333333,1
"Cameroon, Nigeria",1996,1,1,1,0,0,1,1,0,0,1,1
Central African Republic,2001,1,1,1,,0,1,0,1,0,1,1
Central African Republic,2002,1,1,1,566,566,1,0,1,0,1,1
Central African Republic,2006,1,1,1,3,3,1,0,1,0,1,1
Central African Republic,2009,1,1,1,,0,1,0,1,0,1,1
Central African Republic,2010,1,1,1,,0,1,0,1,0,1,1
Central African Republic,2011,1,1,1,,0,1,0,1,0,1,1
Central African Republic,2012,1,1,1,,0,1,0,1,0,1,1
Central African Republic,2013,1,1,1,,0,1,0,1,0,1,1
Central African Republic,2014,1,1,1,1784,1784,1,0,1,0,1,1
Central African Republic,2015,1,1,1,0,0,1,1,0,0,1,1
Central African Republic,2017,1,1,1,,0,1,0,1,0,1,1
Central African Republic,2018,1,1,1,,0,1,0,1,0,1,1
Central African Republic,2019,1,1,1,,0,1,0,1,0,1,1
Central African Republic,2020,1,1,1,,0,1,0,1,0,1,1
Central African Republic,2021,1,1,1,,0,1,0,1,0,1,1
Central African Republic,2022,1,1,1,,0,1,0,1,0,1,1
Central African Republic,2023,2,1,1,,0,1,1,1,0,1.333333333,1
Chad,1966,1,1,1,,0,1,0,1,0,1,1
Chad,1967,1,1,1,,0,1,0,1,0,1,1
Chad,1968,1,1,1,,0,1,0,1,0,1,1
Chad,1969,1,1,1,,0,1,0,1,0,1,1
Chad,1970,1,1,1,,0,1,0,1,0,1,1
Chad,1971,1,1,1,,0,1,0,1,0,1,1
Chad,1972,1,1,1,2308,2308,1,0,1,0,1,1
Chad,1976,1,1,1,,0,1,0,1,0,1,1
Chad,1977,1,1,1,,0,1,0,1,0,1,1
Chad,1978,1,2,2,,0,1,0,1,0,1,1.333333333
Chad,1979,1,2,2,,0,1,0,1,0,1,1.666666667
Chad,1980,1,2,2,,0,1,0,1,0,1,2
Chad,1981,1,1,1,,0,1,0,1,0,1,1.666666667
Chad,1982,1,1,1,,0,1,0,1,0,1,1.333333333
Chad,1983,1,1,1,,0,1,0,1,0,1,1
Chad,1984,1,1,1,3239,3239,1,0,1,0,1,1
Chad,1986,1,1,1,,0,1,0,1,0,1,1
Chad,1987,1,2,2,305,305,1,0,1,0,1,1.333333333
Chad,1989,1,1,1,,0,1,0,1,0,1,1.333333333
Chad,1990,1,2,2,,0,1,0,1,0,1,1.666666667
Chad,1991,1,1,1,,0,1,0,1,0,1,1.333333333
Chad,1992,1,1,1,,0,1,0,1,0,1,1.333333333
Chad,1993,1,1,1,,0,1,0,1,0,1,1
Chad,1994,1,1,1,2129,2129,1,0,1,0,1,1
Chad,1997,1,1,1,,0,1,0,1,0,1,1
Chad,1998,1,1,1,,0,1,0,1,0,1,1
Chad,1999,1,1,1,,0,1,0,1,0,1,1
Chad,2000,1,2,2,,0,1,0,1,0,1,1.333333333
Chad,2001,1,1,1,,0,1,0,1,0,1,1.333333333
Chad,2002,1,1,1,,0,1,0,1,0,1,1.333333333
Chad,2003,1,1,1,2236,2236,1,0,1,0,1,1
Chad,2005,1,1,1,,0,1,0,1,0,1,1
Chad,2006,1,2,2,,0,1,0,1,0,1,1.333333333
Chad,2007,1,1,1,,0,1,0,1,0,1,1.333333333
Chad,2008,1,1,1,,0,1,0,1,0,1,1.333333333
Chad,2009,1,1,1,,0,1,0,1,0,1,1
Chad,2010,1,1,1,1592,1592,1,0,1,0,1,1
Chad,2015,1,1,1,158,158,1,1,0,0,1,1
Chad,2017,1,1,1,,0,1,1,0,0,1,1
Chad,2018,2,1,1,33,33,1,1,1,0,1.333333333,1
Chad,2019,1,1,1,,0,1,1,0,0,1.333333333,1
Chad,2020,2,1,1,,0,1,1,1,0,1.666666667,1
Chad,2021,2,1,1,436,436,1,1,1,0,1.666666667,1
Chad,2022,1,1,1,2027,2027,1,1,0,0,1.666666667,1
Chad,2023,1,1,1,,0,1,0,1,0,1.333333333,1
"Chad, Libya",1987,1,2,2,35,35,1,1,0,0,1,2
"Chad, Nigeria",1983,1,1,1,191,191,1,1,0,0,1,1
Chile,1973,1,1,1,0,0,1,0,1,0,1,1
China,1946,1,2,2,,0,1,0,1,0,1,2
China,1947,2,2,2,24,24,1,1,1,0,1.5,2
China,1948,1,2,2,,0,1,0,1,0,1.333333333,2
China,1949,1,2,2,1073,1073,1,0,1,0,1.333333333,2
China,1950,1,1,1,2,2,1,1,0,0,1,1.666666667
China,1956,1,2,2,214,214,1,1,0,0,1,1.666666667
China,1959,1,2,2,44,44,1,1,0,0,1,1.666666667
China,2008,1,1,1,19,19,1,1,0,0,1,1.666666667
"China, India",1962,1,2,2,0,0,1,1,0,0,1,2
"China, India",1967,1,1,1,334,334,1,1,0,0,1,1.5
"China, India",2020,1,1,1,0,0,1,1,0,0,1,1.333333333
"China, Myanmar (Burma)",1969,1,1,1,306,306,1,1,0,0,1,1
"China, Russia (Soviet Union)",1969,1,1,1,304,304,1,1,0,0,1,1
"China, Taiwan",1949,1,2,2,,0,1,0,0,1,1,2
"China, Taiwan",1950,1,1,1,426,426,1,0,0,1,1,1.5
"China, Taiwan",1954,1,2,2,0,0,1,0,0,1,1,1.666666667
"China, Taiwan",1958,1,2,2,0,0,1,0,0,1,1,1.666666667
"China, Vietnam (North Vietnam)",1974,1,1,1,345,345,1,1,0,0,1,1
"China, Vietnam (North Vietnam)",1978,1,1,1,,0,1,1,0,0,1,1
"China, Vietnam (North Vietnam)",1979,1,2,2,,0,1,1,0,0,1,1.333333333
"China, Vietnam (North Vietnam)",1980,1,1,1,,0,1,1,0,0,1,1.333333333
"China, Vietnam (North Vietnam)",1981,1,1,1,1096,1096,1,1,0,0,1,1.333333333
"China, Vietnam (North Vietnam)",1983,1,1,1,,0,1,1,0,0,1,1
"China, Vietnam (North Vietnam)",1984,1,1,1,366,366,1,1,0,0,1,1
"China, Vietnam (North Vietnam)",1986,1,1,1,,0,1,1,0,0,1,1
"China, Vietnam (North Vietnam)",1987,1,1,1,,0,1,1,0,0,1,1
"China, Vietnam (North Vietnam)",1988,1,1,1,731,731,1,1,0,0,1,1
Colombia,1964,1,1,1,,0,1,0,1,0,1,1
Colombia,1965,1,1,1,,0,1,0,1,0,1,1
Colombia,1966,1,1,1,,0,1,0,1,0,1,1
Colombia,1967,1,1,1,,0,1,0,1,0,1,1
Colombia,1968,1,1,1,,0,1,0,1,0,1,1
Colombia,1969,1,1,1,,0,1,0,1,0,1,1
Colombia,1970,1,1,1,,0,1,0,1,0,1,1
Colombia,1971,1,1,1,,0,1,0,1,0,1,1
Colombia,1972,1,1,1,,0,1,0,1,0,1,1
Colombia,1973,1,1,1,,0,1,0,1,0,1,1
Colombia,1974,1,1,1,,0,1,0,1,0,1,1
Colombia,1975,1,1,1,,0,1,0,1,0,1,1
Colombia,1976,1,1,1,,0,1,0,1,0,1,1
Colombia,1977,1,1,1,,0,1,0,1,0,1,1
Colombia,1978,1,1,1,,0,1,0,1,0,1,1
Colombia,1979,1,1,1,,0,1,0,1,0,1,1
Colombia,1980,1,1,1,,0,1,0,1,0,1,1
Colombia,1981,1,1,1,,0,1,0,1,0,1,1
Colombia,1982,1,1,1,,0,1,0,1,0,1,1
Colombia,1983,1,1,1,,0,1,0,1,0,1,1
Colombia,1984,1,1,1,,0,1,0,1,0,1,1
Colombia,1985,1,2,2,,0,1,0,1,0,1,1.333333333
Colombia,1986,1,1,1,,0,1,0,1,0,1,1.333333333
Colombia,1987,1,1,1,,0,1,0,1,0,1,1.333333333
Colombia,1988,1,1,1,,0,1,0,1,0,1,1
Colombia,1989,1,1,1,,0,1,0,1,0,1,1
Colombia,1990,1,1,1,,0,1,0,1,0,1,1
Colombia,1991,1,1,1,,0,1,0,1,0,1,1
Colombia,1992,1,2,2,,0,1,0,1,0,1,1.333333333
Colombia,1993,1,1,1,,0,1,0,1,0,1,1.333333333
Colombia,1994,1,2,2,,0,1,0,1,0,1,1.666666667
Colombia,1995,1,1,1,,0,1,0,1,0,1,1.333333333
Colombia,1996,1,2,2,,0,1,0,1,0,1,1.666666667
Colombia,1997,1,1,1,,0,1,0,1,0,1,1.333333333
Colombia,1998,1,1,1,,0,1,0,1,0,1,1.333333333
Colombia,1999,1,2,2,,0,1,0,1,0,1,1.333333333
Colombia,2000,1,2,2,,0,1,0,1,0,1,1.666666667
Colombia,2001,1,2,2,,0,1,0,1,0,1,2
Colombia,2002,1,2,2,,0,1,0,1,0,1,2
Colombia,2003,1,2,2,,0,1,0,1,0,1,2
Colombia,2004,1,2,2,,0,1,0,1,0,1,2
Colombia,2005,1,2,2,,0,1,0,1,0,1,2
Colombia,2006,1,1,1,,0,1,0,1,0,1,1.666666667
Colombia,2007,1,1,1,,0,1,0,1,0,1,1.333333333
Colombia,2008,1,1,1,,0,1,0,1,0,1,1
Colombia,2009,1,1,1,,0,1,0,1,0,1,1
Colombia,2010,1,1,1,,0,1,0,1,0,1,1
Colombia,2011,1,1,1,,0,1,0,1,0,1,1
Colombia,2012,1,1,1,,0,1,0,1,0,1,1
Colombia,2013,1,1,1,,0,1,0,1,0,1,1
Colombia,2014,1,1,1,,0,1,0,1,0,1,1
Colombia,2015,1,1,1,,0,1,0,1,0,1,1
Colombia,2016,1,1,1,18991,18991,1,0,1,0,1,1
Colombia,2018,1,1,1,,0,1,0,1,0,1,1
Colombia,2019,1,1,1,,0,1,0,1,0,1,1
Colombia,2020,1,1,1,,0,1,0,1,0,1,1
Colombia,2021,1,1,1,,0,1,0,1,0,1,1
Colombia,2022,1,1,1,,0,1,0,1,0,1,1
Colombia,2023,1,1,1,,0,1,0,1,0,1,1
Comoros,1989,1,1,1,0,0,1,0,1,0,1,1
Comoros,1997,1,1,1,0,0,1,1,0,0,1,1
Congo,1993,1,1,1,46,46,1,0,1,0,1,1
Congo,1997,1,2,2,,0,1,0,1,0,1,1.5
Congo,1998,1,2,2,,0,1,0,1,0,1,1.666666667
Congo,1999,1,1,1,913,913,1,0,1,0,1,1.666666667
Congo,2002,1,1,1,265,265,1,0,1,0,1,1.333333333
Congo,2016,1,1,1,249,249,1,0,1,0,1,1
Costa Rica,1948,1,2,2,48,48,1,0,1,0,1,2
Croatia,1992,1,2,2,,0,1,1,0,0,1,2
Croatia,1993,1,1,1,,0,1,1,0,0,1,1.5
Croatia,1994,1,1,1,,0,1,1,0,0,1,1.333333333
Croatia,1995,1,2,2,1231,1231,1,1,0,0,1,1.333333333
Cuba,1953,1,1,1,1,1,1,0,1,0,1,1
Cuba,1956,1,1,1,,0,1,0,1,0,1,1
Cuba,1957,1,1,1,,0,1,0,1,0,1,1
Cuba,1958,1,2,2,756,756,1,0,1,0,1,1.333333333
Cuba,1961,1,1,1,3,3,1,0,1,0,1,1.333333333
Cyprus,1955,1,1,1,,0,1,1,0,0,1,1
Cyprus,1956,1,1,1,,0,1,1,0,0,1,1
Cyprus,1957,1,1,1,,0,1,1,0,0,1,1
Cyprus,1958,1,1,1,,0,1,1,0,0,1,1
Cyprus,1959,1,1,1,1358,1358,1,1,0,0,1,1
"Cyprus, Turkey",1974,1,2,2,57,57,1,1,0,0,1,2
DR Congo (Zaire),1960,1,1,1,,0,1,1,0,0,1,1
DR Congo (Zaire),1961,2,1,1,,0,1,1,0,0,1.5,1
DR Congo (Zaire),1962,2,1,1,631.5,1263,1,1,0,0,1.666666667,1
DR Congo (Zaire),1964,1,2,2,,0,1,0,1,0,1.666666667,1.333333333
DR Congo (Zaire),1965,1,2,2,700,700,1,0,1,0,1.333333333,1.666666667
DR Congo (Zaire),1967,1,1,1,123,123,1,0,1,0,1,1.666666667
DR Congo (Zaire),1977,1,1,1,,0,1,0,1,0,1,1.333333333
DR Congo (Zaire),1978,1,1,1,411,411,1,0,1,0,1,1
DR Congo (Zaire),1996,1,2,2,,0,1,0,1,0,1,1.333333333
DR Congo (Zaire),1997,1,2,2,,0,1,0,1,0,1,1.666666667
DR Congo (Zaire),1998,1,2,2,,0,1,0,1,0,1,2
DR Congo (Zaire),1999,1,2,2,,0,1,0,1,0,1,2
DR Congo (Zaire),2000,1,2,2,,0,1,0,1,0,1,2
DR Congo (Zaire),2001,1,1,1,1806,1806,1,0,1,0,1,1.666666667
DR Congo (Zaire),2005,1,1,1,,0,1,0,1,0,1,1.333333333
DR Congo (Zaire),2006,1,1,1,,0,1,0,1,0,1,1
DR Congo (Zaire),2007,2,1,1,,0,1,1,1,0,1.333333333,1
DR Congo (Zaire),2008,2,1,1,758.5,1517,1,1,1,0,1.666666667,1
DR Congo (Zaire),2011,1,1,1,,0,1,0,1,0,1.666666667,1
DR Congo (Zaire),2012,1,1,1,,0,1,0,1,0,1.333333333,1
DR Congo (Zaire),2013,2,1.5,2,,0,1,1,1,0,1.333333333,1.166666667
DR Congo (Zaire),2014,2,1,1,785,1570,1,1,1,0,1.666666667,1.166666667
DR Congo (Zaire),2016,1,1,1,,0,1,0,1,0,1.666666667,1.166666667
DR Congo (Zaire),2017,3,1.333333333,2,24,24,1,1,1,0,2,1.111111111
DR Congo (Zaire),2018,2,1,1,,0,1,1,1,0,2,1.111111111
DR Congo (Zaire),2019,2,1,1,,0,1,1,1,0,2.333333333,1.111111111
DR Congo (Zaire),2020,4,1,1,92,184,1,1,1,0,2.666666667,1
DR Congo (Zaire),2021,2,1,1,,0,1,1,1,0,2.666666667,1
DR Congo (Zaire),2022,2,1,1,,0,1,1,1,0,2.666666667,1
DR Congo (Zaire),2023,2,1,1,,0,1,1,1,0,2,1
Djibouti,1991,1,1,1,,0,1,0,1,0,1,1
Djibouti,1992,1,1,1,,0,1,0,1,0,1,1
Djibouti,1993,1,1,1,,0,1,0,1,0,1,1
Djibouti,1994,1,1,1,842,842,1,0,1,0,1,1
Djibouti,1999,1,1,1,38,38,1,0,1,0,1,1
"Djibouti, Eritrea",2008,1,1,1,0,0,1,1,0,0,1,1
Dominican Republic,1965,1,1,1,129,129,1,0,1,0,1,1
"Ecuador, Peru",1995,1,1,1,334,334,1,1,0,0,1,1
Egypt,1993,1,1,1,,0,1,0,1,0,1,1
Egypt,1994,1,1,1,,0,1,0,1,0,1,1
Egypt,1995,1,1,1,,0,1,0,1,0,1,1
Egypt,1996,1,1,1,,0,1,0,1,0,1,1
Egypt,1997,1,1,1,,0,1,0,1,0,1,1
Egypt,1998,1,1,1,2063,2063,1,0,1,0,1,1
Egypt,2014,1,1,1,183,183,1,0,1,0,1,1
Egypt,2015,1,1,1,,0,1,1,0,0,1,1
Egypt,2016,1,1,1,,0,1,1,0,0,1,1
Egypt,2017,2,1,1,,0,1,1,1,0,1.333333333,1
Egypt,2018,2,1,1,,0,1,1,1,0,1.666666667,1
Egypt,2019,2,1,1,802,802,1,1,1,0,2,1
Egypt,2020,1,1,1,,0,1,1,0,0,1.666666667,1
Egypt,2021,1,1,1,,0,1,1,0,0,1.333333333,1
Egypt,2022,1,1,1,2892,2892,1,1,0,0,1,1
"Egypt, France, Israel, United Kingdom",1956,1,2,2,6,6,1,1,0,0,1,2
"Egypt, Iraq, Israel, Jordan, Lebanon, Syria",1948,1,2,2,,0,1,1,0,0,1,2
"Egypt, Iraq, Israel, Jordan, Lebanon, Syria",1949,1,1,1,267,267,1,1,0,0,1,1.5
"Egypt, Israel",1967,1,2,2,5,5,1,1,0,0,1,2
"Egypt, Israel",1969,1,1,1,,0,1,1,0,0,1,1.5
"Egypt, Israel",1970,1,1,1,519,519,1,1,0,0,1,1.333333333
"Egypt, Israel",1973,1,2,2,18,18,1,1,0,0,1,1.333333333
"Egypt, United Kingdom",1951,1,1,1,,0,1,1,0,0,1,1
"Egypt, United Kingdom",1952,1,1,1,440,440,1,1,0,0,1,1
El Salvador,1972,1,1,1,0,0,1,0,1,0,1,1
El Salvador,1979,1,1,1,,0,1,0,1,0,1,1
El Salvador,1980,1,1,1,,0,1,0,1,0,1,1
El Salvador,1981,1,2,2,,0,1,0,1,0,1,1.333333333
El Salvador,1982,1,2,2,,0,1,0,1,0,1,1.666666667
El Salvador,1983,1,2,2,,0,1,0,1,0,1,2
El Salvador,1984,1,2,2,,0,1,0,1,0,1,2
El Salvador,1985,1,2,2,,0,1,0,1,0,1,2
El Salvador,1986,1,2,2,,0,1,0,1,0,1,2
El Salvador,1987,1,2,2,,0,1,0,1,0,1,2
El Salvador,1988,1,2,2,,0,1,0,1,0,1,2
El Salvador,1989,1,2,2,,0,1,0,1,0,1,2
El Salvador,1990,1,1,1,,0,1,0,1,0,1,1.666666667
El Salvador,1991,1,1,1,4448,4448,1,0,1,0,1,1.333333333
"El Salvador, Honduras",1969,1,2,2,15,15,1,1,0,0,1,2
Eritrea,1997,1,1,1,0,0,1,0,1,0,1,1
Eritrea,1999,1,1,1,239,239,1,0,1,0,1,1
Eritrea,2003,1,1,1,23,23,1,0,1,0,1,1
"Eritrea, Ethiopia",1998,1,2,2,,0,1,1,0,0,1,2
"Eritrea, Ethiopia",1999,1,2,2,,0,1,1,0,0,1,2
"Eritrea, Ethiopia",2000,1,2,2,749,749,1,1,0,0,1,2
"Eritrea, Ethiopia",2016,1,1,1,0,0,1,1,0,0,1,1.666666667
Ethiopia,1960,1,1,1,0,0,1,0,1,0,1,1
Ethiopia,1964,2,1,1,355,355,1,1,0,0,1.5,1
Ethiopia,1965,1,1,1,,0,1,1,0,0,1.333333333,1
Ethiopia,1966,1,1,1,,0,1,1,0,0,1.333333333,1
Ethiopia,1967,1,1,1,,0,1,1,0,0,1,1
Ethiopia,1968,1,1,1,,0,1,1,0,0,1,1
Ethiopia,1969,1,1,1,,0,1,1,0,0,1,1
Ethiopia,1970,1,1,1,,0,1,1,0,0,1,1
Ethiopia,1971,1,1,1,,0,1,1,0,0,1,1
Ethiopia,1972,1,1,1,,0,1,1,0,0,1,1
Ethiopia,1973,1,1,1,,0,1,1,0,0,1,1
Ethiopia,1974,1,1,1,,0,1,1,0,0,1,1
Ethiopia,1975,2,1.5,2,,0,1,1,0,0,1.333333333,1.166666667
Ethiopia,1976,4,1.5,2,550,550,1,1,1,0,2.333333333,1.333333333
Ethiopia,1977,5,1.4,2,,0,2,1,1,0,3.666666667,1.466666667
Ethiopia,1978,5,1.4,2,365,365,2,1,1,0,4.666666667,1.433333333
Ethiopia,1979,4,1.25,2,,0,2,1,1,0,4.666666667,1.35
Ethiopia,1980,5,1.2,2,1096,1096,2,1,1,0,4.666666667,1.283333333
Ethiopia,1981,5,1.6,2,182.5,365,2,1,1,0,4.666666667,1.35
Ethiopia,1982,3,1.666666667,2,,0,2,1,1,0,4.333333333,1.488888889
Ethiopia,1983,5,1.4,2,1453.5,2907,2,1,1,0,4.333333333,1.555555556
Ethiopia,1984,3,1.666666667,2,,0,1,1,1,0,3.666666667,1.577777778
Ethiopia,1985,3,1.666666667,2,,0,1,1,1,0,3.666666667,1.577777778
Ethiopia,1986,3,1,1,,0,1,1,1,0,3,1.444444444
Ethiopia,1987,3,1.666666667,2,,0,1,1,1,0,3,1.444444444
Ethiopia,1988,3,1.666666667,2,,0,1,1,1,0,3,1.444444444
Ethiopia,1989,3,1.666666667,2,,0,1,1,1,0,3,1.666666667
Ethiopia,1990,3,1.666666667,2,,0,1,1,1,0,3,1.666666667
Ethiopia,1991,4,1.5,2,5137,15411,1,1,1,0,3.333333333,1.611111111
Ethiopia,1992,1,1,1,3257,3257,1,1,0,0,2.666666667,1.388888889
Ethiopia,1993,1,1,1,,0,1,1,0,0,2,1.166666667
Ethiopia,1994,2,1,1,136,136,1,1,0,0,1.333333333,1
Ethiopia,1995,1,1,1,365,365,1,1,0,0,1.333333333,1
Ethiopia,1996,2,1,1,72,144,1,1,0,0,1.666666667,1
Ethiopia,1998,2,1,1,,0,1,1,0,0,1.666666667,1
Ethiopia,1999,2,1,1,,0,1,1,0,0,2,1
Ethiopia,2000,2,1,1,,0,1,1,0,0,2,1
Ethiopia,2001,2,1,1,,0,1,1,0,0,2,1
Ethiopia,2002,2,1,1,,0,1,1,0,0,2,1
Ethiopia,2003,2,1,1,,0,1,1,0,0,2,1
Ethiopia,2004,2,1,1,,0,1,1,0,0,2,1
Ethiopia,2005,2,1,1,,0,1,1,0,0,2,1
Ethiopia,2006,2,1,1,,0,1,1,0,0,2,1
Ethiopia,2007,2,1,1,,0,1,1,0,0,2,1
Ethiopia,2008,2,1,1,,0,1,1,0,0,2,1
Ethiopia,2009,2,1,1,,0,1,1,0,0,2,1
Ethiopia,2010,2,1,1,,0,1,1,0,0,2,1
Ethiopia,2011,2,1,1,,0,1,1,0,0,2,1
Ethiopia,2012,2,1,1,,0,1,1,0,0,2,1
Ethiopia,2013,2,1,1,5479,5479,1,1,0,0,2,1
Ethiopia,2014,1,1,1,,0,1,1,0,0,1.666666667,1
Ethiopia,2015,2,1,1,,0,1,1,0,0,1.666666667,1
Ethiopia,2016,2,1,1,3470.5,6941,1,1,0,0,1.666666667,1
Ethiopia,2019,2,1,1,2,2,1,1,0,0,2,1
Ethiopia,2020,2,1.5,2,,0,2,1,1,0,2,1.166666667
Ethiopia,2021,2,1.5,2,,0,2,1,1,0,2,1.333333333
Ethiopia,2022,2,1.5,2,753,753,1,1,1,0,2,1.5
Ethiopia,2023,2,1.5,2,,0,1,1,0,1,2,1.5
"Ethiopia, Somalia",1964,1,1,1,46,46,1,1,0,0,1,1
"Ethiopia, Somalia",1977,1,2,2,,0,1,1,0,0,1,1.5
"Ethiopia, Somalia",1978,1,2,2,253,253,1,1,0,0,1,1.666666667
"Ethiopia, Somalia",1980,1,1,1,186,186,1,1,0,0,1,1.666666667
France,1961,1,2,2,,0,1,0,1,0,1,2
France,1962,1,2,2,434,434,1,0,1,0,1,2
"France, Thailand",1946,1,1,1,194,194,1,1,0,0,1,1
"France, Tunisia",1961,1,2,2,2,2,1,1,0,0,1,2
Gabon,1964,1,1,1,1,1,1,0,1,0,1,1
Gambia,1981,1,1,1,6,6,1,0,1,0,1,1
Georgia,1991,1,1,1,,0,1,0,1,0,1,1
Georgia,1992,3,1,1,67,67,1,1,1,0,2,1
Georgia,1993,2,1.5,2,579,1158,1,1,1,0,2,1.166666667
Georgia,2004,1,1,1,54,54,1,1,0,0,2,1.166666667
Georgia,2008,1,1,1,89,89,1,1,0,0,1.333333333,1.166666667
Ghana,1966,1,1,1,0,0,1,0,1,0,1,1
Ghana,1981,1,1,1,0,0,1,0,1,0,1,1
Ghana,1983,1,1,1,0,0,1,0,1,0,1,1
Greece,1946,1,2,2,,0,1,0,1,0,1,2
Greece,1947,1,2,2,,0,1,0,1,0,1,2
Greece,1948,1,2,2,,0,1,0,1,0,1,2
Greece,1949,1,2,2,1295,1295,1,0,1,0,1,2
"Grenada, United States of America",1983,1,1,1,2,2,1,0,1,0,1,1
Guatemala,1949,1,1,1,1,1,1,0,1,0,1,1
Guatemala,1954,1,1,1,9,9,1,0,1,0,1,1
Guatemala,1963,1,1,1,153,153,1,0,1,0,1,1
Guatemala,1965,1,1,1,,0,1,0,1,0,1,1
Guatemala,1966,1,1,1,,0,1,0,1,0,1,1
Guatemala,1967,1,1,1,,0,1,0,1,0,1,1
Guatemala,1968,1,1,1,,0,1,0,1,0,1,1
Guatemala,1969,1,1,1,,0,1,0,1,0,1,1
Guatemala,1970,1,1,1,,0,1,0,1,0,1,1
Guatemala,1971,1,1,1,,0,1,0,1,0,1,1
Guatemala,1972,1,1,1,,0,1,0,1,0,1,1
Guatemala,1973,1,1,1,,0,1,0,1,0,1,1
Guatemala,1974,1,1,1,,0,1,0,1,0,1,1
Guatemala,1975,1,1,1,,0,1,0,1,0,1,1
Guatemala,1976,1,1,1,,0,1,0,1,0,1,1
Guatemala,1977,1,1,1,,0,1,0,1,0,1,1
Guatemala,1978,1,1,1,,0,1,0,1,0,1,1
Guatemala,1979,1,1,1,,0,1,0,1,0,1,1
Guatemala,1980,1,1,1,,0,1,0,1,0,1,1
Guatemala,1981,1,1,1,,0,1,0,1,0,1,1
Guatemala,1982,1,1,1,,0,1,0,1,0,1,1
Guatemala,1983,1,1,1,,0,1,0,1,0,1,1
Guatemala,1984,1,1,1,,0,1,0,1,0,1,1
Guatemala,1985,1,1,1,,0,1,0,1,0,1,1
Guatemala,1986,1,1,1,,0,1,0,1,0,1,1
Guatemala,1987,1,1,1,,0,1,0,1,0,1,1
Guatemala,1988,1,1,1,,0,1,0,1,0,1,1
Guatemala,1989,1,1,1,,0,1,0,1,0,1,1
Guatemala,1990,1,1,1,,0,1,0,1,0,1,1
Guatemala,1991,1,1,1,,0,1,0,1,0,1,1
Guatemala,1992,1,1,1,,0,1,0,1,0,1,1
Guatemala,1993,1,1,1,,0,1,0,1,0,1,1
Guatemala,1994,1,1,1,,0,1,0,1,0,1,1
Guatemala,1995,1,1,1,10957,10957,1,0,1,0,1,1
Guinea,2000,1,1,1,,0,1,0,1,0,1,1
Guinea,2001,1,1,1,305,305,1,0,1,0,1,1
Guinea-Bissau,1963,1,1,1,,0,1,1,0,0,1,1
Guinea-Bissau,1964,1,1,1,,0,1,1,0,0,1,1
Guinea-Bissau,1965,1,1,1,,0,1,1,0,0,1,1
Guinea-Bissau,1966,1,1,1,,0,1,1,0,0,1,1
Guinea-Bissau,1967,1,1,1,,0,1,1,0,0,1,1
Guinea-Bissau,1968,1,1,1,,0,1,1,0,0,1,1
Guinea-Bissau,1969,1,1,1,,0,1,1,0,0,1,1
Guinea-Bissau,1970,1,1,1,,0,1,1,0,0,1,1
Guinea-Bissau,1971,1,1,1,,0,1,1,0,0,1,1
Guinea-Bissau,1972,1,1,1,,0,1,1,0,0,1,1
Guinea-Bissau,1973,1,1,1,3959,3959,1,1,0,0,1,1
Guinea-Bissau,1998,1,1,1,,0,1,0,1,0,1,1
Guinea-Bissau,1999,1,1,1,334,334,1,0,1,0,1,1
Haiti,1989,1,1,1,0,0,1,0,1,0,1,1
Haiti,1991,1,1,1,0,0,1,0,1,0,1,1
Haiti,2004,1,1,1,285,285,1,0,1,0,1,1
"Honduras, Nicaragua",1957,1,1,1,6,6,1,1,0,0,1,1
"Hungary, Russia (Soviet Union)",1956,1,2,2,22,22,1,0,1,0,1,2
Hyderabad,1947,1,2,2,,0,1,0,1,0,1,2
Hyderabad,1948,1,2,2,446,446,1,0,1,0,1,2
"Hyderabad, India",1948,1,2,2,5,5,1,1,0,0,1,2
India,1948,1,2,2,,0,1,0,1,0,1,2
India,1949,1,2,2,,0,1,0,1,0,1,2
India,1950,1,2,2,,0,1,0,1,0,1,2
India,1951,1,2,2,1199,1199,1,0,1,0,1,2
India,1956,1,1,1,,0,1,1,0,0,1,1.666666667
India,1957,1,1,1,,0,1,1,0,0,1,1.333333333
India,1958,1,1,1,,0,1,1,0,0,1,1
India,1959,1,1,1,1095,1095,1,1,0,0,1,1
India,1961,1,1,1,,0,1,1,0,0,1,1
India,1962,1,1,1,,0,1,1,0,0,1,1
India,1963,1,1,1,,0,1,1,0,0,1,1
India,1964,1,1,1,,0,1,1,0,0,1,1
India,1965,1,1,1,,0,1,1,0,0,1,1
India,1966,2,1,1,,0,1,1,0,0,1.333333333,1
India,1967,2,1,1,,0,1,1,0,0,1.666666667,1
India,1968,2,1,1,1605,3210,1,1,0,0,2,1
India,1969,1,1,1,,0,1,0,1,0,1.666666667,1
India,1970,1,1,1,,0,1,0,1,0,1.333333333,1
India,1971,1,1,1,730,730,1,0,1,0,1,1
India,1979,1,1,1,,0,1,1,0,0,1,1
India,1980,1,1,1,,0,1,1,0,0,1,1
India,1981,1,1,1,,0,1,1,0,0,1,1
India,1982,2,1,1,,0,1,1,0,0,1.333333333,1
India,1983,3,1,1,,0,1,1,0,0,2,1
India,1984,3,1,1,,0,1,1,0,0,2.666666667,1
India,1985,3,1,1,,0,1,1,0,0,3,1
India,1986,3,1,1,,0,1,1,0,0,3,1
India,1987,3,1,1,,0,1,1,0,0,3,1
India,1988,3,1.333333333,2,2746,5492,1,1,0,0,3,1.111111111
India,1989,2,1,1,,0,1,1,0,0,2.666666667,1.111111111
India,1990,4,1.25,2,327.5,655,1,1,0,0,3,1.194444444
India,1991,3,1.333333333,2,,0,1,1,1,0,3,1.194444444
India,1992,5,1.2,2,80,80,1,1,1,0,4,1.261111111
India,1993,5,1,1,3646,3646,1,1,1,0,4.333333333,1.177777778
India,1994,6,1,1,618,1236,1,1,1,0,5.333333333,1.066666667
India,1995,4,1,1,,0,1,1,0,0,5,1
India,1996,6,1,1,1084,1084,1,1,1,0,5.333333333,1
India,1997,6,1,1,981,1962,1,1,1,0,5.333333333,1
India,1998,5,1,1,,0,1,1,1,0,5.666666667,1
India,1999,6,1,1,1074,1074,1,1,1,0,5.666666667,1
India,2000,6,1.166666667,2,360,720,1,1,1,0,5.666666667,1.055555556
India,2001,5,1,1,,0,1,1,1,0,5.666666667,1.055555556
India,2002,5,1.2,2,,0,1,1,1,0,5.333333333,1.122222222
India,2003,6,1.166666667,2,,0,1,1,1,0,5.333333333,1.122222222
India,2004,6,1.166666667,2,1553.5,3107,1,1,1,0,5.666666667,1.177777778
India,2005,4,1.25,2,,0,1,1,1,0,5.333333333,1.194444444
India,2006,4,1,1,,0,1,1,1,0,4.666666667,1.138888889
India,2007,4,1,1,,0,1,1,1,0,4,1.083333333
India,2008,5,1,1,18,18,1,1,1,0,4.333333333,1
India,2009,5,1,1,2352,2352,1,1,1,0,4.666666667,1
India,2010,4,1,1,3141.5,6283,1,1,1,0,4.666666667,1
India,2011,2,1,1,,0,1,1,1,0,3.666666667,1
India,2012,3,1,1,36,36,1,1,1,0,3,1
India,2013,3,1,1,,0,1,1,1,0,2.666666667,1
India,2014,4,1,1,267,534,1,1,1,0,3.333333333,1
India,2015,3,1,1,,0,1,1,1,0,3.333333333,1
India,2016,3,1,1,,0,1,1,1,0,3.333333333,1
India,2017,3,1,1,,0,1,1,1,0,3,1
India,2018,3,1,1,1278,1278,1,1,1,0,3,1
India,2019,2,1,1,,0,1,1,1,0,2.666666667,1
India,2020,2,1,1,,0,1,1,1,0,2.333333333,1
India,2021,2,1,1,,0,1,1,1,0,2,1
India,2022,2,1,1,,0,1,1,1,0,2,1
India,2023,2,1,1,,0,1,1,1,0,2,1
"India, Pakistan",1948,1,2,2,0,0,1,1,0,0,1,2
"India, Pakistan",1964,1,1,1,,0,1,1,0,0,1,1.5
"India, Pakistan",1965,1,2,2,349,349,1,1,0,0,1,1.666666667
"India, Pakistan",1971,1,2,2,14,14,1,1,0,0,1,1.666666667
"India, Pakistan",1984,1,1,1,0,0,1,1,0,0,1,1.666666667
"India, Pakistan",1987,1,1,1,0,0,1,1,0,0,1,1.333333333
"India, Pakistan",1989,1,1,1,,0,1,1,0,0,1,1
"India, Pakistan",1990,1,1,1,,0,1,1,0,0,1,1
"India, Pakistan",1991,1,1,1,,0,1,1,0,0,1,1
"India, Pakistan",1992,1,1,1,1096,1096,1,1,0,0,1,1
"India, Pakistan",1994,1,1,1,153,153,1,1,0,0,1,1
"India, Pakistan",1996,1,1,1,,0,1,1,0,0,1,1
"India, Pakistan",1997,1,1,1,,0,1,1,0,0,1,1
"India, Pakistan",1998,1,1,1,,0,1,1,0,0,1,1
"India, Pakistan",1999,1,1,1,,0,1,1,0,0,1,1
"India, Pakistan",2000,1,1,1,,0,1,1,0,0,1,1
"India, Pakistan",2001,1,1,1,,0,1,1,0,0,1,1
"India, Pakistan",2002,1,1,1,,0,1,1,0,0,1,1
"India, Pakistan",2003,1,1,1,2517,2517,1,1,0,0,1,1
"India, Pakistan",2013,1,1,1,,0,1,1,0,0,1,1
"India, Pakistan",2014,1,1,1,,0,1,1,0,0,1,1
"India, Pakistan",2015,1,1,1,,0,1,1,0,0,1,1
"India, Pakistan",2016,1,1,1,,0,1,1,0,0,1,1
"India, Pakistan",2017,1,1,1,,0,1,1,0,0,1,1
"India, Pakistan",2018,1,1,1,,0,1,1,0,0,1,1
"India, Pakistan",2019,1,1,1,,0,1,1,0,0,1,1
"India, Pakistan",2020,1,1,1,2644,2644,1,1,0,0,1,1
Indonesia,1946,1,1,1,,0,1,1,0,0,1,1
Indonesia,1947,1,1,1,,0,1,1,0,0,1,1
Indonesia,1948,1,1,1,,0,1,1,0,0,1,1
Indonesia,1949,1,1,1,958,958,1,1,0,0,1,1
Indonesia,1950,1,2,2,102,102,1,1,0,0,1,1.333333333
Indonesia,1953,1,2,2,0,0,1,0,1,0,1,1.666666667
Indonesia,1958,1,2,2,,0,1,0,1,0,1,2
Indonesia,1959,1,2,2,,0,1,0,1,0,1,2
Indonesia,1960,1,1,1,,0,1,0,1,0,1,1.666666667
Indonesia,1961,1,2,2,1354,1354,1,0,1,0,1,1.666666667
Indonesia,1965,1,1,1,156,156,1,1,0,0,1,1.333333333
Indonesia,1967,1,1,1,,0,1,1,0,0,1,1.333333333
Indonesia,1968,1,1,1,,0,1,1,0,0,1,1
Indonesia,1969,1,1,1,731,731,1,1,0,0,1,1
Indonesia,1975,1,2,2,,0,1,1,0,0,1,1.333333333
Indonesia,1976,2,2,2,,0,1,1,0,0,1.333333333,1.666666667
Indonesia,1977,2,2,2,,0,1,1,0,0,1.666666667,2
Indonesia,1978,2,2,2,730,730,1,1,0,0,2,2
Indonesia,1979,1,1,1,,0,1,1,0,0,1.666666667,1.666666667
Indonesia,1980,1,1,1,,0,1,1,0,0,1.333333333,1.333333333
Indonesia,1981,2,1.5,2,0,0,1,1,0,0,1.333333333,1.166666667
Indonesia,1982,1,1,1,,0,1,1,0,0,1.333333333,1.166666667
Indonesia,1983,1,1,1,,0,1,1,0,0,1.333333333,1.166666667
Indonesia,1984,2,1,1,0,0,1,1,0,0,1.333333333,1
Indonesia,1985,1,1,1,,0,1,1,0,0,1.333333333,1
Indonesia,1986,1,1,1,,0,1,1,0,0,1.333333333,1
Indonesia,1987,1,1,1,,0,1,1,0,0,1,1
Indonesia,1988,1,1,1,4773,4773,1,1,0,0,1,1
Indonesia,1990,1,1,1,,0,1,1,0,0,1,1
Indonesia,1991,1,1,1,570,570,1,1,0,0,1,1
Indonesia,1992,1,1,1,0,0,1,1,0,0,1,1
Indonesia,1997,1,1,1,,0,1,1,0,0,1,1
Indonesia,1998,1,1,1,,0,1,1,0,0,1,1
Indonesia,1999,2,1,1,844,844,1,1,0,0,1.333333333,1
Indonesia,2000,1,1,1,,0,1,1,0,0,1.333333333,1
Indonesia,2001,1,1,1,,0,1,1,0,0,1.333333333,1
Indonesia,2002,1,1,1,,0,1,1,0,0,1,1
Indonesia,2003,1,1,1,,0,1,1,0,0,1,1
Indonesia,2004,1,1,1,,0,1,1,0,0,1,1
Indonesia,2005,1,1,1,2325,2325,1,1,0,0,1,1
Indonesia,2018,1,1,1,0,0,1,1,0,0,1,1
Indonesia,2021,1,1,1,,0,1,1,0,0,1,1
Indonesia,2022,1,1,1,,0,1,1,0,0,1,1
Indonesia,2023,1,1,1,,0,1,1,0,0,1,1
"Indonesia, Malaysia",1963,1,1,1,,0,1,1,0,0,1,1
"Indonesia, Malaysia",1964,1,1,1,,0,1,1,0,0,1,1
"Indonesia, Malaysia",1965,1,1,1,,0,1,1,0,0,1,1
"Indonesia, Malaysia",1966,1,1,1,954,954,1,1,0,0,1,1
"Indonesia, Netherlands",1962,1,1,1,249,249,1,1,0,0,1,1
Iran,1946,2,1,1,99.5,199,1,1,0,0,2,1
Iran,1966,1,1,1,,0,1,1,0,0,1.5,1
Iran,1967,1,1,1,,0,1,1,0,0,1.333333333,1
Iran,1968,1,1,1,731,731,1,1,0,0,1,1
Iran,1979,3,1.333333333,2,,0,1,1,1,0,1.666666667,1.111111111
Iran,1980,3,1.333333333,2,580,580,1,1,1,0,2.333333333,1.222222222
Iran,1981,2,1.5,2,,0,1,1,1,0,2.666666667,1.388888889
Iran,1982,2,2,2,1096,1096,1,1,1,0,2.333333333,1.611111111
Iran,1983,1,1,1,,0,1,1,0,0,1.666666667,1.5
Iran,1984,1,1,1,,0,1,1,0,0,1.333333333,1.333333333
Iran,1985,1,1,1,,0,1,1,0,0,1,1
Iran,1986,2,1,1,,0,1,1,1,0,1.333333333,1
Iran,1987,2,1,1,,0,1,1,1,0,1.666666667,1
Iran,1988,2,1,1,2009.5,4019,1,1,1,0,2,1
Iran,1990,1,1,1,38,38,1,1,0,0,1.666666667,1
Iran,1991,1,1,1,0,0,1,0,1,0,1.333333333,1
Iran,1993,2,1,1,153,306,1,1,1,0,1.333333333,1
Iran,1996,1,1,1,0,0,1,1,0,0,1.333333333,1
Iran,1997,1,1,1,257,257,1,0,1,0,1.333333333,1
Iran,1999,1,1,1,,0,1,0,1,0,1,1
Iran,2000,1,1,1,,0,1,0,1,0,1,1
Iran,2001,1,1,1,661,661,1,0,1,0,1,1
Iran,2005,1,1,1,,0,1,0,1,0,1,1
Iran,2006,1,1,1,,0,1,0,1,0,1,1
Iran,2007,1,1,1,,0,1,0,1,0,1,1
Iran,2008,1,1,1,,0,1,0,1,0,1,1
Iran,2009,1,1,1,,0,1,0,1,0,1,1
Iran,2010,1,1,1,,0,1,0,1,0,1,1
Iran,2011,1,1,1,2333,2333,1,0,1,0,1,1
Iran,2016,1,1,1,104,104,1,1,0,0,1,1
Iran,2017,1,1,1,0,0,1,1,0,0,1,1
Iran,2018,2,1,1,62,62,1,1,1,0,1.333333333,1
Iran,2019,1,1,1,,0,1,0,1,0,1.333333333,1
Iran,2020,1,1,1,,0,1,0,1,0,1.333333333,1
Iran,2021,1,1,1,1113,1113,1,0,1,0,1,1
Iran,2023,1,1,1,,0,1,0,1,0,1,1
"Iran, Iraq",1974,1,1,1,324,324,1,0,0,1,1,1
"Iran, Iraq",1980,1,2,2,,0,1,0,0,1,1,1.5
"Iran, Iraq",1981,1,2,2,,0,1,0,0,1,1,1.666666667
"Iran, Iraq",1982,1,2,2,,0,1,0,0,1,1,2
"Iran, Iraq",1983,1,2,2,,0,1,0,0,1,1,2
"Iran, Iraq",1984,1,2,2,,0,1,0,0,1,1,2
"Iran, Iraq",1985,1,2,2,,0,1,0,0,1,1,2
"Iran, Iraq",1986,1,2,2,,0,1,0,0,1,1,2
"Iran, Iraq",1987,1,2,2,,0,1,0,0,1,1,2
"Iran, Iraq",1988,1,2,2,2888,2888,1,0,0,1,1,2
"Iran, Israel",2018,1,1,1,,0,1,0,1,0,1,1
"Iran, Israel",2019,1,1,1,,0,1,0,1,0,1,1
"Iran, Israel",2020,1,1,1,,0,1,0,1,0,1,1
"Iran, Israel",2021,1,1,1,,0,1,0,1,0,1,1
"Iran, Israel",2022,1,1,1,,0,1,0,1,0,1,1
"Iran, Israel",2023,1,1,1,,0,1,0,1,0,1,1
Iraq,1958,1,1,1,,0,1,0,1,0,1,1
Iraq,1959,1,1,1,239,239,1,0,1,0,1,1
Iraq,1961,1,2,2,,0,1,1,0,0,1,1.333333333
Iraq,1962,1,2,2,,0,1,1,0,0,1,1.666666667
Iraq,1963,2,2,2,285,285,1,1,1,0,1.333333333,2
Iraq,1964,1,1,1,,0,1,1,0,0,1.333333333,1.666666667
Iraq,1965,1,2,2,,0,1,1,0,0,1.333333333,1.666666667
Iraq,1966,1,2,2,,0,1,1,0,0,1,1.666666667
Iraq,1967,1,1,1,,0,1,1,0,0,1,1.666666667
Iraq,1968,1,1,1,,0,1,1,0,0,1,1.333333333
Iraq,1969,1,2,2,,0,1,1,0,0,1,1.333333333
Iraq,1970,1,1,1,2992,2992,1,1,0,0,1,1.333333333
Iraq,1973,1,1,1,,0,1,1,0,0,1,1.333333333
Iraq,1974,1,2,2,,0,1,1,0,0,1,1.333333333
Iraq,1975,1,2,2,,0,1,1,0,0,1,1.666666667
Iraq,1976,1,1,1,,0,1,1,0,0,1,1.666666667
Iraq,1977,1,1,1,,0,1,1,0,0,1,1.333333333
Iraq,1978,1,1,1,,0,1,1,0,0,1,1
Iraq,1979,1,1,1,,0,1,1,0,0,1,1
Iraq,1980,1,1,1,,0,1,1,0,0,1,1
Iraq,1981,1,1,1,,0,1,1,0,0,1,1
Iraq,1982,2,1,1,,0,1,1,1,0,1.333333333,1
Iraq,1983,2,1,1,,0,1,1,1,0,1.666666667,1
Iraq,1984,2,1,1,883,883,1,1,1,0,2,1
Iraq,1985,1,1,1,,0,1,1,0,0,1.666666667,1
Iraq,1986,1,1,1,,0,1,1,0,0,1.333333333,1
Iraq,1987,2,1,1,0,0,1,1,1,0,1.333333333,1
Iraq,1988,1,2,2,,0,1,1,0,0,1.333333333,1.333333333
Iraq,1989,1,1,1,,0,1,1,0,0,1.333333333,1.333333333
Iraq,1990,1,1,1,,0,1,1,0,0,1,1.333333333
Iraq,1991,2,1.5,2,,0,1,1,1,0,1.333333333,1.166666667
Iraq,1992,2,1,1,6800,6800,1,1,1,0,1.666666667,1.166666667
Iraq,1993,1,1,1,,0,1,0,1,0,1.666666667,1.166666667
Iraq,1994,1,1,1,,0,1,0,1,0,1.333333333,1
Iraq,1995,2,1,1,,0,1,1,1,0,1.333333333,1
Iraq,1996,2,1,1,1288.5,2577,1,1,1,0,1.666666667,1
Iraq,2004,1,2,2,,0,1,0,1,0,1.666666667,1.333333333
Iraq,2005,1,2,2,,0,1,0,1,0,1.333333333,1.666666667
Iraq,2006,1,2,2,,0,1,0,1,0,1,2
Iraq,2007,1,2,2,,0,1,0,1,0,1,2
Iraq,2008,1,2,2,,0,1,0,1,0,1,2
Iraq,2009,1,2,2,,0,1,0,1,0,1,2
Iraq,2010,1,1,1,,0,1,0,1,0,1,1.666666667
Iraq,2011,1,1,1,,0,1,0,1,0,1,1.333333333
Iraq,2012,1,1,1,,0,1,0,1,0,1,1
Iraq,2013,1,2,2,,0,1,0,1,0,1,1.333333333
Iraq,2014,1,2,2,,0,1,0,1,0,1,1.666666667
Iraq,2015,1,2,2,,0,1,0,1,0,1,2
Iraq,2016,1,2,2,,0,1,0,1,0,1,2
Iraq,2017,1,2,2,,0,1,0,1,0,1,2
Iraq,2018,1,1,1,,0,1,0,1,0,1,1.666666667
Iraq,2019,1,1,1,,0,1,0,1,0,1,1.333333333
Iraq,2020,1,1,1,,0,1,0,1,0,1,1
Iraq,2021,1,1,1,,0,1,0,1,0,1,1
Iraq,2022,1,1,1,,0,1,0,1,0,1,1
Iraq,2023,1,1,1,,0,1,0,1,0,1,1
"Iraq, Kuwait",1990,1,2,2,,0,1,1,0,0,1,2
"Iraq, Kuwait",1991,1,2,2,211,211,1,1,0,0,1,2
Israel,1946,1,1,1,0,0,1,1,0,0,1,1
Israel,1949,1,1,1,,0,1,1,0,0,1,1
Israel,1950,1,1,1,,0,1,1,0,0,1,1
Israel,1951,1,1,1,,0,1,1,0,0,1,1
Israel,1952,1,1,1,,0,1,1,0,0,1,1
Israel,1953,1,1,1,,0,1,1,0,0,1,1
Israel,1954,1,1,1,,0,1,1,0,0,1,1
Israel,1955,1,1,1,,0,1,1,0,0,1,1
Israel,1956,1,1,1,,0,1,1,0,0,1,1
Israel,1957,1,1,1,,0,1,1,0,0,1,1
Israel,1958,1,1,1,,0,1,1,0,0,1,1
Israel,1959,1,1,1,,0,1,1,0,0,1,1
Israel,1960,1,1,1,,0,1,1,0,0,1,1
Israel,1961,1,1,1,,0,1,1,0,0,1,1
Israel,1962,1,1,1,,0,1,1,0,0,1,1
Israel,1963,1,1,1,,0,1,1,0,0,1,1
Israel,1964,1,1,1,,0,1,1,0,0,1,1
Israel,1965,1,1,1,,0,1,1,0,0,1,1
Israel,1966,1,1,1,,0,1,1,0,0,1,1
Israel,1967,1,1,1,,0,1,1,0,0,1,1
Israel,1968,1,1,1,,0,1,1,0,0,1,1
Israel,1969,1,1,1,,0,1,1,0,0,1,1
Israel,1970,1,1,1,,0,1,1,0,0,1,1
Israel,1971,1,1,1,,0,1,1,0,0,1,1
Israel,1972,1,1,1,,0,1,1,0,0,1,1
Israel,1973,1,1,1,,0,1,1,0,0,1,1
Israel,1974,1,1,1,,0,1,1,0,0,1,1
Israel,1975,1,1,1,,0,1,1,0,0,1,1
Israel,1976,1,1,1,,0,1,1,0,0,1,1
Israel,1977,1,1,1,,0,1,1,0,0,1,1
Israel,1978,1,1,1,,0,1,1,0,0,1,1
Israel,1979,1,1,1,,0,1,1,0,0,1,1
Israel,1980,1,1,1,,0,1,1,0,0,1,1
Israel,1981,1,1,1,,0,1,1,0,0,1,1
Israel,1982,1,2,2,,0,1,1,0,0,1,1.333333333
Israel,1983,1,1,1,,0,1,1,0,0,1,1.333333333
Israel,1984,1,1,1,,0,1,1,0,0,1,1.333333333
Israel,1985,1,1,1,,0,1,1,0,0,1,1
Israel,1986,1,1,1,,0,1,1,0,0,1,1
Israel,1987,1,1,1,,0,1,1,0,0,1,1
Israel,1988,1,1,1,,0,1,1,0,0,1,1
Israel,1989,1,1,1,,0,1,1,0,0,1,1
Israel,1990,2,1,1,,0,1,1,0,0,1.333333333,1
Israel,1991,2,1,1,,0,1,1,0,0,1.666666667,1
Israel,1992,2,1,1,,0,1,1,0,0,2,1
Israel,1993,2,1,1,,0,1,1,0,0,2,1
Israel,1994,2,1,1,,0,1,1,0,0,2,1
Israel,1995,2,1,1,,0,1,1,0,0,2,1
Israel,1996,2,1,1,17075,17075,1,1,0,0,2,1
Israel,1997,1,1,1,,0,1,1,0,0,1.666666667,1
Israel,1998,1,1,1,,0,1,1,0,0,1.333333333,1
Israel,1999,1,1,1,3460,3460,1,1,0,0,1,1
Israel,2000,1,1,1,,0,1,1,0,0,1,1
Israel,2001,1,1,1,,0,1,1,0,0,1,1
Israel,2002,1,1,1,,0,1,1,0,0,1,1
Israel,2003,1,1,1,,0,1,1,0,0,1,1
Israel,2004,1,1,1,,0,1,1,0,0,1,1
Israel,2005,1,1,1,,0,1,1,0,0,1,1
Israel,2006,2,1,1,41,41,1,1,0,0,1.333333333,1
Israel,2007,1,1,1,,0,1,1,0,0,1.333333333,1
Israel,2008,1,1,1,,0,1,1,0,0,1.333333333,1
Israel,2009,1,1,1,,0,1,1,0,0,1,1
Israel,2010,1,1,1,,0,1,1,0,0,1,1
Israel,2011,1,1,1,,0,1,1,0,0,1,1
Israel,2012,1,1,1,4436,4436,1,1,0,0,1,1
Israel,2014,1,2,2,170,170,1,1,0,0,1,1.333333333
Israel,2018,1,1,1,,0,1,1,0,0,1,1.333333333
Israel,2019,1,1,1,581,581,1,1,0,0,1,1.333333333
Israel,2021,1,1,1,,0,1,1,0,0,1,1
Israel,2022,1,1,1,,0,1,1,0,0,1,1
Israel,2023,2,1.5,2,,0,1,1,0,0,1.333333333,1.166666667
"Israel, Jordan",1967,1,2,2,5,5,1,1,0,0,1,2
"Israel, Syria",1967,1,2,2,5,5,1,1,0,0,1,2
"Israel, Syria",1973,1,2,2,18,18,1,1,0,0,1,2
Ivory Coast,2002,1,1,1,,0,1,0,1,0,1,1
Ivory Coast,2003,1,1,1,,0,1,0,1,0,1,1
Ivory Coast,2004,1,1,1,781,781,1,0,1,0,1,1
Ivory Coast,2011,1,1,1,61,61,1,0,1,0,1,1
Jordan,2016,1,1,1,11,11,1,1,0,0,1,1
Kenya,1952,1,1,1,,0,1,1,0,0,1,1
Kenya,1953,1,2,2,,0,1,1,0,0,1,1.5
Kenya,1954,1,2,2,,0,1,1,0,0,1,1.666666667
Kenya,1955,1,2,2,,0,1,1,0,0,1,2
Kenya,1956,1,2,2,1531,1531,1,1,0,0,1,2
Kenya,1982,1,1,1,20,20,1,0,1,0,1,1.666666667
Kenya,2015,1,1,1,,0,1,1,0,0,1,1.333333333
Kenya,2016,1,1,1,,0,1,1,0,0,1,1
Kenya,2017,1,1,1,,0,1,1,0,0,1,1
Kenya,2018,1,1,1,,0,1,1,0,0,1,1
Kenya,2019,1,1,1,,0,1,1,0,0,1,1
Kenya,2020,1,1,1,,0,1,1,0,0,1,1
Kenya,2021,1,1,1,,0,1,1,0,0,1,1
Kenya,2022,1,1,1,,0,1,1,0,0,1,1
Kenya,2023,1,1,1,,0,1,1,0,0,1,1
"Kyrgyzstan, Tajikistan",2021,1,1,1,,0,1,1,0,0,1,1
"Kyrgyzstan, Tajikistan",2022,1,1,1,505,505,1,1,0,0,1,1
Laos,1946,1,1,1,,0,1,1,0,0,1,1
Laos,1947,1,1,1,,0,1,1,0,0,1,1
Laos,1948,1,1,1,,0,1,1,0,0,1,1
Laos,1949,1,1,1,,0,1,1,0,0,1,1
Laos,1950,1,1,1,,0,1,1,0,0,1,1
Laos,1951,1,1,1,,0,1,1,0,0,1,1
Laos,1952,1,1,1,,0,1,1,0,0,1,1
Laos,1953,1,1,1,2832,2832,1,1,0,0,1,1
Laos,1959,1,2,2,,0,1,0,1,0,1,1.333333333
Laos,1960,1,2,2,,0,1,0,1,0,1,1.666666667
Laos,1961,1,2,2,531,531,1,0,1,0,1,2
Laos,1963,1,2,2,,0,1,0,1,0,1,2
Laos,1964,1,2,2,,0,1,0,1,0,1,2
Laos,1965,1,2,2,,0,1,0,1,0,1,2
Laos,1966,1,2,2,,0,1,0,1,0,1,2
Laos,1967,1,2,2,,0,1,0,1,0,1,2
Laos,1968,1,2,2,,0,1,0,1,0,1,2
Laos,1969,1,2,2,,0,1,0,1,0,1,2
Laos,1970,1,2,2,,0,1,0,1,0,1,2
Laos,1971,1,2,2,,0,1,0,1,0,1,2
Laos,1972,1,2,2,,0,1,0,1,0,1,2
Laos,1973,1,2,2,3545,3545,1,0,1,0,1,2
Laos,1989,1,1,1,,0,1,0,1,0,1,1.666666667
Laos,1990,1,1,1,228,228,1,0,1,0,1,1.333333333
"Laos, Thailand",1986,1,1,1,,0,1,1,0,0,1,1
"Laos, Thailand",1987,1,1,1,,0,1,1,0,0,1,1
"Laos, Thailand",1988,1,1,1,413,413,1,1,0,0,1,1
Lebanon,1958,1,2,2,77,77,1,0,1,0,1,2
Lebanon,1975,1,1,1,,0,1,0,1,0,1,1.5
Lebanon,1976,1,2,2,408,408,1,0,1,0,1,1.666666667
Lebanon,1982,1,1,1,,0,1,0,1,0,1,1.333333333
Lebanon,1983,1,1,1,,0,1,0,1,0,1,1.333333333
Lebanon,1984,1,2,2,,0,1,0,1,0,1,1.333333333
Lebanon,1985,1,1,1,,0,1,0,1,0,1,1.333333333
Lebanon,1986,1,1,1,1582,1582,1,0,1,0,1,1.333333333
Lebanon,1989,1,1,1,,0,1,0,1,0,1,1
Lebanon,1990,1,1,1,578,578,1,0,1,0,1,1
Lebanon,2014,1,1,1,,0,1,1,0,0,1,1
Lebanon,2015,1,1,1,499,499,1,1,0,0,1,1
Lebanon,2017,1,1,1,8,8,1,1,0,0,1,1
Lesotho,1998,1,1,1,6,6,1,0,1,0,1,1
Liberia,1980,1,1,1,2,2,1,0,1,0,1,1
Liberia,1989,1,1,1,,0,1,0,1,0,1,1
Liberia,1990,1,1,1,370,370,1,0,1,0,1,1
Liberia,2000,1,1,1,,0,1,0,1,0,1,1
Liberia,2001,1,1,1,,0,1,0,1,0,1,1
Liberia,2002,1,1,1,,0,1,0,1,0,1,1
Liberia,2003,1,2,2,1269,1269,1,0,1,0,1,1.333333333
Libya,2011,1,2,2,264,264,1,0,1,0,1,2
Libya,2013,1,1,1,,0,1,0,1,0,1,1.5
Libya,2014,1,1,1,,0,1,0,1,0,1,1.333333333
Libya,2015,2,1,1,506,506,1,1,1,0,1.333333333,1
Libya,2016,1,2,2,,0,1,1,0,0,1.333333333,1.333333333
Libya,2017,2,1,1,178,178,2,1,1,0,1.666666667,1.333333333
Libya,2018,1,1,1,,0,1,1,0,0,1.333333333,1.333333333
Libya,2019,2,1.5,2,1656,1656,1,1,1,0,1.666666667,1.166666667
Libya,2020,1,1,1,618,618,1,0,1,0,1.333333333,1.166666667
Madagascar (Malagasy),1947,1,2,2,277,277,1,1,0,0,1,2
Madagascar (Malagasy),1971,1,1,1,0,0,1,0,1,0,1,1.5
Malaysia,1948,1,1,1,,0,1,1,0,0,1,1
Malaysia,1949,1,1,1,,0,1,1,0,0,1,1
Malaysia,1950,1,2,2,,0,1,1,0,0,1,1.333333333
Malaysia,1951,1,2,2,,0,1,1,0,0,1,1.666666667
Malaysia,1952,1,2,2,,0,1,1,0,0,1,2
Malaysia,1953,1,2,2,,0,1,1,0,0,1,2
Malaysia,1954,1,1,1,,0,1,1,0,0,1,1.666666667
Malaysia,1955,1,1,1,,0,1,1,0,0,1,1.333333333
Malaysia,1956,1,1,1,,0,1,1,0,0,1,1
Malaysia,1957,1,1,1,3360,3360,1,1,0,0,1,1
Malaysia,1958,1,1,1,,0,1,0,1,0,1,1
Malaysia,1959,1,1,1,,0,1,0,1,0,1,1
Malaysia,1960,1,1,1,578,578,1,0,1,0,1,1
Malaysia,1963,1,1,1,,0,1,1,0,0,1,1
Malaysia,1964,1,1,1,,0,1,1,0,0,1,1
Malaysia,1965,1,1,1,,0,1,1,0,0,1,1
Malaysia,1966,1,1,1,1096,1096,1,1,0,0,1,1
Malaysia,1974,1,1,1,,0,1,0,1,0,1,1
Malaysia,1975,1,1,1,715,715,1,0,1,0,1,1
Malaysia,1981,1,1,1,0,0,1,0,1,0,1,1
Malaysia,2013,1,1,1,53,53,1,1,0,0,1,1
Mali,1990,1,1,1,,0,1,1,0,0,1,1
Mali,1991,1,1,1,476,476,1,1,0,0,1,1
Mali,1994,1,1,1,75,75,1,1,0,0,1,1
Mali,2007,1,1,1,,0,1,1,0,0,1,1
Mali,2008,1,1,1,,0,1,1,0,0,1,1
Mali,2009,2,1,1,270,540,1,1,1,0,1.333333333,1
Mali,2012,2,1,1,67,67,1,1,1,0,1.666666667,1
Mali,2013,1,1,1,,0,1,0,1,0,1.666666667,1
Mali,2014,2,1,1,,0,2,1,1,0,1.666666667,1
Mali,2015,3,1,1,244.5,489,2,1,1,0,2,1
Mali,2016,1,1,1,,0,1,0,1,0,2,1
Mali,2017,2,1,1,,0,1,1,1,0,2,1
Mali,2018,2,1,1,,0,1,1,1,0,1.666666667,1
Mali,2019,2,1,1,,0,1,1,1,0,2,1
Mali,2020,2,1,1,,0,1,1,1,0,2,1
Mali,2021,2,1,1,,0,1,1,1,0,2,1
Mali,2022,2,1.5,2,,0,1,1,1,0,2,1.166666667
Mali,2023,3,1,1,,0,2,1,1,1,2.333333333,1.166666667
Mauritania,1975,1,1,1,,0,1,1,0,0,1,1
Mauritania,1976,1,1,1,,0,1,1,0,0,1,1
Mauritania,1977,1,1,1,,0,1,1,0,0,1,1
Mauritania,1978,1,1,1,1108,1108,1,1,0,0,1,1
Mauritania,2010,1,1,1,0,0,1,0,1,0,1,1
"Mauritania, Morocco",1957,2,1,1,,0,1,1,0,0,2,1
"Mauritania, Morocco",1958,2,1,1,376.5,753,1,1,0,0,2,1
Mexico,1994,1,1,1,53,53,1,0,1,0,1,1
Mexico,1996,1,1,1,123,123,1,0,1,0,1,1
Moldova,1992,1,1,1,136,136,1,1,0,0,1,1
Morocco,1953,1,1,1,,0,1,1,0,0,1,1
Morocco,1954,1,1,1,,0,1,1,0,0,1,1
Morocco,1955,1,1,1,,0,1,1,0,0,1,1
Morocco,1956,1,1,1,846,846,1,1,0,0,1,1
Morocco,1971,1,1,1,1,1,1,0,1,0,1,1
Morocco,1975,1,1,1,,0,1,1,0,0,1,1
Morocco,1976,1,1,1,,0,1,1,0,0,1,1
Morocco,1977,1,1,1,,0,1,1,0,0,1,1
Morocco,1978,1,1,1,,0,1,1,0,0,1,1
Morocco,1979,1,2,2,,0,1,1,0,0,1,1.333333333
Morocco,1980,1,2,2,,0,1,1,0,0,1,1.666666667
Morocco,1981,1,1,1,,0,1,1,0,0,1,1.666666667
Morocco,1982,1,1,1,,0,1,1,0,0,1,1.333333333
Morocco,1983,1,1,1,,0,1,1,0,0,1,1
Morocco,1984,1,1,1,,0,1,1,0,0,1,1
Morocco,1985,1,1,1,,0,1,1,0,0,1,1
Morocco,1986,1,1,1,,0,1,1,0,0,1,1
Morocco,1987,1,1,1,,0,1,1,0,0,1,1
Morocco,1988,1,1,1,,0,1,1,0,0,1,1
Morocco,1989,1,1,1,5126,5126,1,1,0,0,1,1
Mozambique,1964,1,1,1,,0,1,1,0,0,1,1
Mozambique,1965,1,1,1,,0,1,1,0,0,1,1
Mozambique,1966,1,1,1,,0,1,1,0,0,1,1
Mozambique,1967,1,1,1,,0,1,1,0,0,1,1
Mozambique,1968,1,1,1,,0,1,1,0,0,1,1
Mozambique,1969,1,1,1,,0,1,1,0,0,1,1
Mozambique,1970,1,1,1,,0,1,1,0,0,1,1
Mozambique,1971,1,1,1,,0,1,1,0,0,1,1
Mozambique,1972,1,2,2,,0,1,1,0,0,1,1.333333333
Mozambique,1973,1,2,2,,0,1,1,0,0,1,1.666666667
Mozambique,1974,1,1,1,3579,3579,1,1,0,0,1,1.666666667
Mozambique,1977,1,1,1,,0,1,0,1,0,1,1.333333333
Mozambique,1978,1,1,1,,0,1,0,1,0,1,1
Mozambique,1979,1,1,1,,0,1,0,1,0,1,1
Mozambique,1980,1,1,1,,0,1,0,1,0,1,1
Mozambique,1981,1,2,2,,0,1,0,1,0,1,1.333333333
Mozambique,1982,1,2,2,,0,1,0,1,0,1,1.666666667
Mozambique,1983,1,2,2,,0,1,0,1,0,1,2
Mozambique,1984,1,2,2,,0,1,0,1,0,1,2
Mozambique,1985,1,2,2,,0,1,0,1,0,1,2
Mozambique,1986,1,2,2,,0,1,0,1,0,1,2
Mozambique,1987,1,2,2,,0,1,0,1,0,1,2
Mozambique,1988,1,2,2,,0,1,0,1,0,1,2
Mozambique,1989,1,2,2,,0,1,0,1,0,1,2
Mozambique,1990,1,2,2,,0,1,0,1,0,1,2
Mozambique,1991,1,2,2,,0,1,0,1,0,1,2
Mozambique,1992,1,1,1,5406,5406,1,0,1,0,1,1.666666667
Mozambique,2013,1,1,1,,0,1,0,1,0,1,1.333333333
Mozambique,2014,1,1,1,288,288,1,0,1,0,1,1
Mozambique,2016,1,1,1,211,211,1,0,1,0,1,1
Mozambique,2018,1,1,1,,0,1,0,1,0,1,1
Mozambique,2019,2,1,1,367,367,1,1,1,0,1.333333333,1
Mozambique,2020,1,1,1,,0,1,1,0,0,1.333333333,1
Mozambique,2021,1,1,1,,0,1,1,0,0,1.333333333,1
Mozambique,2022,1,1,1,,0,1,1,0,0,1,1
Mozambique,2023,1,1,1,,0,1,1,0,0,1,1
Myanmar (Burma),1948,2,1.5,2,,0,1,1,1,0,2,1.5
Myanmar (Burma),1949,5,1.4,2,,0,1,1,1,0,3.5,1.45
Myanmar (Burma),1950,5,1.4,2,125,125,1,1,1,0,4,1.433333333
Myanmar (Burma),1951,4,1.25,2,,0,1,1,1,0,4.666666667,1.35
Myanmar (Burma),1952,4,1.25,2,,0,1,1,1,0,4.333333333,1.3
Myanmar (Burma),1953,4,1.25,2,,0,1,1,1,0,4,1.25
Myanmar (Burma),1954,4,1,1,,0,1,1,1,0,4,1.166666667
Myanmar (Burma),1955,4,1.25,2,,0,1,1,1,0,4,1.166666667
Myanmar (Burma),1956,4,1,1,,0,1,1,1,0,4,1.083333333
Myanmar (Burma),1957,5,1,1,0,0,1,1,1,0,4.333333333,1.083333333
Myanmar (Burma),1958,4,1,1,,0,1,1,1,0,4.333333333,1
Myanmar (Burma),1959,5,1,1,,0,1,1,1,0,4.666666667,1
Myanmar (Burma),1960,5,1,1,,0,1,1,1,0,4.666666667,1
Myanmar (Burma),1961,6,1.166666667,2,5037,5037,1,1,1,0,5.333333333,1.055555556
Myanmar (Burma),1962,5,1.2,2,,0,1,1,1,0,5.333333333,1.122222222
Myanmar (Burma),1963,5,1.2,2,5419,5419,1,1,1,0,5.333333333,1.188888889
Myanmar (Burma),1964,5,1.4,2,,0,1,1,1,0,5,1.266666667
Myanmar (Burma),1965,5,1.4,2,,0,1,1,1,0,5,1.333333333
Myanmar (Burma),1966,5,1.4,2,,0,1,1,1,0,5,1.4
Myanmar (Burma),1967,5,1.4,2,,0,1,1,1,0,5,1.4
Myanmar (Burma),1968,5,1.6,2,,0,1,1,1,0,5,1.466666667
Myanmar (Burma),1969,5,1.6,2,,0,1,1,1,0,5,1.533333333
Myanmar (Burma),1970,5,1.6,2,4057,4057,1,1,1,0,5,1.6
Myanmar (Burma),1971,4,1.75,2,,0,1,1,1,0,4.666666667,1.65
Myanmar (Burma),1972,5,1.2,2,,0,1,1,1,0,4.666666667,1.516666667
Myanmar (Burma),1973,6,1.166666667,2,365,365,1,1,1,0,5,1.372222222
Myanmar (Burma),1974,5,1.2,2,,0,1,1,1,0,5.333333333,1.188888889
Myanmar (Burma),1975,5,1.2,2,,0,1,1,1,0,5.333333333,1.188888889
Myanmar (Burma),1976,6,1.166666667,2,,0,1,1,1,0,5.333333333,1.188888889
Myanmar (Burma),1977,6,1.166666667,2,,0,1,1,1,0,5.666666667,1.177777778
Myanmar (Burma),1978,6,1.166666667,2,5113,5113,1,1,1,0,6,1.166666667
Myanmar (Burma),1979,5,1.2,2,,0,1,1,1,0,5.666666667,1.177777778
Myanmar (Burma),1980,5,1.2,2,,0,1,1,1,0,5.333333333,1.188888889
Myanmar (Burma),1981,5,1,1,,0,1,1,1,0,5,1.133333333
Myanmar (Burma),1982,5,1.2,2,3593,3593,1,1,1,0,5,1.133333333
Myanmar (Burma),1983,4,1.25,2,,0,1,1,1,0,4.666666667,1.15
Myanmar (Burma),1984,4,1.5,2,,0,1,1,1,0,4.333333333,1.316666667
Myanmar (Burma),1985,4,1,1,,0,1,1,1,0,4,1.25
Myanmar (Burma),1986,4,1.25,2,,0,1,1,1,0,4,1.25
Myanmar (Burma),1987,5,1,1,0,0,1,1,1,0,4.333333333,1.083333333
Myanmar (Burma),1988,4,1.25,2,9710.5,19421,1,1,1,0,4.333333333,1.166666667
Myanmar (Burma),1989,2,1.5,2,,0,1,1,0,0,3.666666667,1.25
Myanmar (Burma),1990,4,1,1,37,37,1,1,1,0,3.333333333,1.25
Myanmar (Burma),1991,5,1,1,0,0,1,1,1,0,3.666666667,1.166666667
Myanmar (Burma),1992,4,1.25,2,7105.5,28422,1,1,1,0,4.333333333,1.083333333
Myanmar (Burma),1993,1,1,1,,0,1,1,0,0,3.333333333,1.083333333
Myanmar (Burma),1994,4,1,1,19.5,39,1,1,1,0,3,1.083333333
Myanmar (Burma),1995,3,1,1,105,210,1,1,0,0,2.666666667,1
Myanmar (Burma),1996,3,1,1,107,214,1,1,0,0,3.333333333,1
Myanmar (Burma),1997,3,1,1,121,121,1,1,0,0,3,1
Myanmar (Burma),1998,2,1,1,506,506,1,1,0,0,2.666666667,1
Myanmar (Burma),1999,1,1,1,,0,1,1,0,0,2,1
Myanmar (Burma),2000,3,1,1,,0,1,1,0,0,2,1
Myanmar (Burma),2001,3,1,1,445,445,1,1,0,0,2.333333333,1
Myanmar (Burma),2002,2,1,1,3357,3357,1,1,0,0,2.666666667,1
Myanmar (Burma),2003,1,1,1,,0,1,1,0,0,2,1
Myanmar (Burma),2004,1,1,1,,0,1,1,0,0,1.333333333,1
Myanmar (Burma),2005,4,1,1,9,9,1,1,0,0,2,1
Myanmar (Burma),2006,3,1,1,,0,1,1,0,0,2.666666667,1
Myanmar (Burma),2007,3,1,1,745,745,1,1,0,0,3.333333333,1
Myanmar (Burma),2008,2,1,1,,0,1,1,0,0,2.666666667,1
Myanmar (Burma),2009,3,1,1,124,124,1,1,0,0,2.666666667,1
Myanmar (Burma),2010,2,1,1,,0,1,1,0,0,2.333333333,1
Myanmar (Burma),2011,3,1,1,3202,6404,1,1,0,0,2.666666667,1
Myanmar (Burma),2012,1,1,1,,0,1,1,0,0,2,1
Myanmar (Burma),2013,4,1,1,115,230,1,1,1,0,2.666666667,1
Myanmar (Burma),2014,3,1,1,,0,1,1,1,0,2.666666667,1
Myanmar (Burma),2015,4,1,1,377.6666667,1133,1,1,1,0,3.666666667,1
Myanmar (Burma),2016,2,1,1,,0,1,1,0,0,3,1
Myanmar (Burma),2017,4,1,1,6,6,1,1,1,0,3.333333333,1
Myanmar (Burma),2018,3,1,1,,0,1,1,1,0,3,1
Myanmar (Burma),2019,3,1,1,2021,4042,1,1,1,0,3.333333333,1
Myanmar (Burma),2020,1,1,1,1506,1506,1,1,0,0,2.333333333,1
Myanmar (Burma),2021,5,1,1,120,120,1,1,1,0,3,1
Myanmar (Burma),2022,5,1.2,2,,0,1,1,1,0,3.666666667,1.066666667
Myanmar (Burma),2023,6,1.166666667,2,,0,1,1,1,0,5.333333333,1.122222222
Nepal,1960,1,1,1,,0,1,0,1,0,1,1
Nepal,1961,1,1,1,,0,1,0,1,0,1,1
Nepal,1962,1,1,1,1036,1036,1,0,1,0,1,1
Nepal,1996,1,1,1,,0,1,0,1,0,1,1
Nepal,1997,1,1,1,,0,1,0,1,0,1,1
Nepal,1998,1,1,1,,0,1,0,1,0,1,1
Nepal,1999,1,1,1,,0,1,0,1,0,1,1
Nepal,2000,1,1,1,,0,1,0,1,0,1,1
Nepal,2001,1,1,1,,0,1,0,1,0,1,1
Nepal,2002,1,2,2,,0,1,0,1,0,1,1.333333333
Nepal,2003,1,2,2,,0,1,0,1,0,1,1.666666667
Nepal,2004,1,2,2,,0,1,0,1,0,1,2
Nepal,2005,1,2,2,,0,1,0,1,0,1,2
Nepal,2006,1,1,1,3681,3681,1,0,1,0,1,1.666666667
Nicaragua,1977,1,1,1,,0,1,0,1,0,1,1
Nicaragua,1978,1,2,2,,0,1,0,1,0,1,1.5
Nicaragua,1979,1,2,2,647,647,1,0,1,0,1,1.666666667
Nicaragua,1982,1,1,1,,0,1,0,1,0,1,1.666666667
Nicaragua,1983,1,2,2,,0,1,0,1,0,1,1.666666667
Nicaragua,1984,1,2,2,,0,1,0,1,0,1,1.666666667
Nicaragua,1985,1,2,2,,0,1,0,1,0,1,2
Nicaragua,1986,1,2,2,,0,1,0,1,0,1,2
Nicaragua,1987,1,2,2,,0,1,0,1,0,1,2
Nicaragua,1988,1,2,2,,0,1,0,1,0,1,2
Nicaragua,1989,1,1,1,,0,1,0,1,0,1,1.666666667
Nicaragua,1990,1,1,1,2920,2920,1,0,1,0,1,1.333333333
Niger,1991,1,1,1,,0,1,0,1,0,1,1
Niger,1992,1,1,1,353,353,1,0,1,0,1,1
Niger,1994,1,1,1,133,133,1,1,0,0,1,1
Niger,1995,1,1,1,0,0,1,1,0,0,1,1
Niger,1997,1,1,1,40,40,1,0,1,0,1,1
Niger,2007,1,1,1,,0,1,0,1,0,1,1
Niger,2008,1,1,1,566,566,1,0,1,0,1,1
Niger,2015,1,1,1,,0,1,1,0,0,1,1
Niger,2016,1,1,1,,0,1,1,0,0,1,1
Niger,2017,1,1,1,,0,1,1,0,0,1,1
Niger,2018,1,1,1,,0,1,1,0,0,1,1
Niger,2019,1,1,1,,0,1,1,0,0,1,1
Niger,2020,1,1,1,,0,1,1,0,0,1,1
Niger,2021,2,1,1,,0,1,1,1,0,1.333333333,1
Niger,2022,2,1,1,,0,1,1,1,0,1.666666667,1
Niger,2023,2,1,1,,0,1,1,1,0,2,1
Nigeria,1966,1,1,1,195,195,1,0,1,0,1,1
Nigeria,1967,1,2,2,,0,1,1,0,0,1,1.5
Nigeria,1968,1,2,2,,0,1,1,0,0,1,1.666666667
Nigeria,1969,1,2,2,,0,1,1,0,0,1,2
Nigeria,1970,1,2,2,921,921,1,1,0,0,1,2
Nigeria,2004,2,1,1,192,384,1,1,0,0,1.333333333,1.666666667
Nigeria,2009,1,1,1,4,4,1,0,1,0,1.333333333,1.333333333
Nigeria,2011,1,1,1,,0,1,0,1,0,1.333333333,1
Nigeria,2012,1,1,1,,0,1,0,1,0,1,1
Nigeria,2013,1,2,2,,0,1,0,1,0,1,1.333333333
Nigeria,2014,1,2,2,,0,1,0,1,0,1,1.666666667
Nigeria,2015,2,2,2,,0,1,1,1,0,1.333333333,2
Nigeria,2016,2,1.5,2,,0,1,1,1,0,1.666666667,1.833333333
Nigeria,2017,2,1.5,2,,0,1,1,1,0,2,1.666666667
Nigeria,2018,2,1,1,,0,1,1,1,0,2,1.333333333
Nigeria,2019,2,1.5,2,,0,1,1,1,0,2,1.333333333
Nigeria,2020,2,1.5,2,,0,1,1,1,0,2,1.333333333
Nigeria,2021,3,1.333333333,2,,0,2,1,1,0,2.333333333,1.444444444
Nigeria,2022,3,1.333333333,2,,0,2,1,1,0,2.666666667,1.388888889
Nigeria,2023,3,1.333333333,2,,0,1,1,1,0,3,1.333333333
"North Korea, South Korea",1949,1,1,1,,0,1,1,0,0,1,1
"North Korea, South Korea",1950,1,2,2,,0,1,1,0,0,1,1.5
"North Korea, South Korea",1951,1,2,2,,0,1,1,0,0,1,1.666666667
"North Korea, South Korea",1952,1,2,2,,0,1,1,0,0,1,2
"North Korea, South Korea",1953,1,2,2,1518,1518,1,1,0,0,1,2
North Macedonia,2001,1,1,1,106,106,1,0,1,0,1,1
Oman,1957,1,1,1,26,26,1,1,0,0,1,1
Oman,1969,1,1,1,,0,1,0,1,0,1,1
Oman,1970,1,1,1,,0,1,0,1,0,1,1
Oman,1971,1,1,1,,0,1,0,1,0,1,1
Oman,1972,1,1,1,,0,1,0,1,0,1,1
Oman,1973,1,1,1,,0,1,0,1,0,1,1
Oman,1974,1,1,1,,0,1,0,1,0,1,1
Oman,1975,1,1,1,2171,2171,1,0,1,0,1,1
Pakistan,1971,1,2,2,265,265,1,1,0,0,1,2
Pakistan,1974,1,2,2,,0,1,1,0,0,1,2
Pakistan,1975,1,1,1,,0,1,1,0,0,1,1.666666667
Pakistan,1976,1,1,1,,0,1,1,0,0,1,1.333333333
Pakistan,1977,1,1,1,917,917,1,1,0,0,1,1
Pakistan,1990,1,1,1,0,0,1,0,1,0,1,1
Pakistan,1994,1,1,1,,0,1,0,1,0,1,1
Pakistan,1995,1,1,1,,0,1,0,1,0,1,1
Pakistan,1996,1,1,1,855,855,1,0,1,0,1,1
Pakistan,2004,1,1,1,146,146,1,1,0,0,1,1
Pakistan,2006,1,1,1,,0,1,1,0,0,1,1
Pakistan,2007,2,1,1,,0,1,1,1,0,1.333333333,1
Pakistan,2008,2,1.5,2,,0,1,1,1,0,1.666666667,1.166666667
Pakistan,2009,2,1.5,2,1304,1304,1,1,1,0,2,1.333333333
Pakistan,2010,1,2,2,,0,1,0,1,0,1.666666667,1.666666667
Pakistan,2011,2,1.5,2,,0,1,1,1,0,1.666666667,1.666666667
Pakistan,2012,2,1.5,2,,0,1,1,1,0,1.666666667,1.666666667
Pakistan,2013,2,1.5,2,,0,1,1,1,0,2,1.5
Pakistan,2014,2,1.5,2,,0,1,1,1,0,2,1.5
Pakistan,2015,2,1.5,2,,0,2,1,1,0,2,1.5
Pakistan,2016,3,1,1,1937,1937,2,1,1,0,2.333333333,1.333333333
Pakistan,2017,2,1,1,,0,2,1,1,0,2.333333333,1.166666667
Pakistan,2018,2,1,1,,0,2,1,1,0,2.333333333,1
Pakistan,2019,3,1,1,1099,1099,1,1,1,0,2.333333333,1
Pakistan,2020,2,1,1,,0,1,1,1,0,2.333333333,1
Pakistan,2021,3,1,1,,0,1,1,1,0,2.666666667,1
Pakistan,2022,3,1,1,,0,1,1,1,0,2.666666667,1
Pakistan,2023,3,1,1,,0,1,1,1,0,3,1
Panama,1989,1,1,1,0,0,1,0,1,0,1,1
"Panama, United States of America",1989,1,1,1,0,0,1,0,1,0,1,1
Papua New Guinea,1990,1,1,1,236,236,1,1,0,0,1,1
Papua New Guinea,1992,1,1,1,,0,1,1,0,0,1,1
Papua New Guinea,1993,1,1,1,,0,1,1,0,0,1,1
Papua New Guinea,1994,1,1,1,,0,1,1,0,0,1,1
Papua New Guinea,1995,1,1,1,,0,1,1,0,0,1,1
Papua New Guinea,1996,1,1,1,1579,1579,1,1,0,0,1,1
Paraguay,1947,1,2,2,143,143,1,0,1,0,1,2
Paraguay,1954,1,1,1,0,0,1,0,1,0,1,1.5
Paraguay,1989,1,1,1,0,0,1,0,1,0,1,1.333333333
Peru,1965,1,1,1,150,150,1,0,1,0,1,1
Peru,1982,1,1,1,,0,1,0,1,0,1,1
Peru,1983,1,2,2,,0,1,0,1,0,1,1.333333333
Peru,1984,1,2,2,,0,1,0,1,0,1,1.666666667
Peru,1985,1,2,2,,0,1,0,1,0,1,2
Peru,1986,1,1,1,,0,1,0,1,0,1,1.666666667
Peru,1987,1,1,1,,0,1,0,1,0,1,1.333333333
Peru,1988,1,2,2,,0,1,0,1,0,1,1.333333333
Peru,1989,1,2,2,,0,1,0,1,0,1,1.666666667
Peru,1990,1,2,2,,0,1,0,1,0,1,2
Peru,1991,1,2,2,,0,1,0,1,0,1,2
Peru,1992,1,2,2,,0,1,0,1,0,1,2
Peru,1993,1,1,1,,0,1,0,1,0,1,1.666666667
Peru,1994,1,1,1,,0,1,0,1,0,1,1.333333333
Peru,1995,1,1,1,,0,1,0,1,0,1,1
Peru,1996,1,1,1,,0,1,0,1,0,1,1
Peru,1997,1,1,1,,0,1,0,1,0,1,1
Peru,1998,1,1,1,,0,1,0,1,0,1,1
Peru,1999,1,1,1,6305,6305,1,0,1,0,1,1
Peru,2007,1,1,1,,0,1,0,1,0,1,1
Peru,2008,1,1,1,,0,1,0,1,0,1,1
Peru,2009,1,1,1,,0,1,0,1,0,1,1
Peru,2010,1,1,1,1142,1142,1,0,1,0,1,1
Philippines,1946,1,2,2,,0,1,0,1,0,1,2
Philippines,1947,1,2,2,,0,1,0,1,0,1,2
Philippines,1948,1,2,2,,0,1,0,1,0,1,2
Philippines,1949,1,2,2,,0,1,0,1,0,1,2
Philippines,1950,1,2,2,,0,1,0,1,0,1,2
Philippines,1951,1,2,2,,0,1,0,1,0,1,2
Philippines,1952,1,2,2,,0,1,0,1,0,1,2
Philippines,1953,1,2,2,,0,1,0,1,0,1,2
Philippines,1954,1,2,2,3075,3075,1,0,1,0,1,2
Philippines,1969,1,1,1,,0,1,0,1,0,1,1.666666667
Philippines,1970,2,1,1,,0,1,1,1,0,1.333333333,1.333333333
Philippines,1971,2,1,1,,0,1,1,1,0,1.666666667,1
Philippines,1972,2,1,1,,0,1,1,1,0,2,1
Philippines,1973,2,1,1,,0,1,1,1,0,2,1
Philippines,1974,2,1,1,,0,1,1,1,0,2,1
Philippines,1975,2,1,1,,0,1,1,1,0,2,1
Philippines,1976,2,1,1,,0,1,1,1,0,2,1
Philippines,1977,2,1,1,,0,1,1,1,0,2,1
Philippines,1978,2,1.5,2,,0,1,1,1,0,2,1.166666667
Philippines,1979,2,1,1,,0,1,1,1,0,2,1.166666667
Philippines,1980,2,1,1,,0,1,1,1,0,2,1.166666667
Philippines,1981,2,1.5,2,,0,1,1,1,0,2,1.166666667
Philippines,1982,2,1.5,2,,0,1,1,1,0,2,1.333333333
Philippines,1983,2,1.5,2,,0,1,1,1,0,2,1.5
Philippines,1984,2,1.5,2,,0,1,1,1,0,2,1.5
Philippines,1985,2,1.5,2,,0,1,1,1,0,2,1.5
Philippines,1986,2,1.5,2,,0,1,1,1,0,2,1.5
Philippines,1987,2,1.5,2,,0,1,1,1,0,2,1.5
Philippines,1988,2,1,1,,0,1,1,1,0,2,1.333333333
Philippines,1989,2,1,1,,0,1,1,1,0,2,1.166666667
Philippines,1990,2,1.5,2,7287,7287,1,1,1,0,2,1.166666667
Philippines,1991,1,2,2,,0,1,0,1,0,1.666666667,1.5
Philippines,1992,1,1,1,,0,1,0,1,0,1.333333333,1.5
Philippines,1993,2,1,1,,0,1,1,1,0,1.333333333,1.333333333
Philippines,1994,2,1,1,,0,1,1,1,0,1.666666667,1
Philippines,1995,2,1,1,9556,9556,1,1,1,0,2,1
Philippines,1996,1,1,1,,0,1,1,0,0,1.666666667,1
Philippines,1997,2,1,1,37,37,1,1,1,0,1.666666667,1
Philippines,1998,1,1,1,,0,1,1,0,0,1.333333333,1
Philippines,1999,2,1,1,,0,1,1,1,0,1.666666667,1
Philippines,2000,2,1.5,2,,0,1,1,1,0,1.666666667,1.166666667
Philippines,2001,2,1,1,,0,1,1,1,0,2,1.166666667
Philippines,2002,2,1,1,,0,1,1,1,0,2,1.166666667
Philippines,2003,2,1,1,,0,1,1,1,0,2,1
Philippines,2004,2,1,1,,0,1,1,1,0,2,1
Philippines,2005,2,1,1,,0,1,1,1,0,2,1
Philippines,2006,2,1,1,,0,1,1,1,0,2,1
Philippines,2007,2,1,1,,0,1,1,1,0,2,1
Philippines,2008,2,1,1,,0,1,1,1,0,2,1
Philippines,2009,2,1,1,,0,1,1,1,0,2,1
Philippines,2010,2,1,1,,0,1,1,1,0,2,1
Philippines,2011,2,1,1,,0,1,1,1,0,2,1
Philippines,2012,2,1,1,,0,1,1,1,0,2,1
Philippines,2013,2,1,1,,0,1,1,1,0,2,1
Philippines,2014,2,1,1,,0,1,1,1,0,2,1
Philippines,2015,2,1,1,,0,1,1,1,0,2,1
Philippines,2016,3,1,1,,0,1,1,1,0,2.333333333,1
Philippines,2017,3,1.333333333,2,,0,2,1,1,0,2.666666667,1.111111111
Philippines,2018,3,1,1,,0,1,1,1,0,3,1.111111111
Philippines,2019,3,1,1,,0,1,1,1,0,3,1.111111111
Philippines,2020,3,1,1,10165,10165,1,1,1,0,3,1
Philippines,2021,2,1,1,,0,1,1,1,0,2.666666667,1
Philippines,2022,2,1,1,,0,1,1,1,0,2.333333333,1
Philippines,2023,2,1,1,,0,1,1,1,0,2,1
Romania,1989,1,1,1,7,7,1,0,1,0,1,1
Russia (Soviet Union),1946,4,1.5,2,0,0,1,1,0,0,4,1.5
Russia (Soviet Union),1947,3,1.666666667,2,,0,1,1,0,0,3.5,1.583333333
Russia (Soviet Union),1948,3,1.333333333,2,823,1646,1,1,0,0,3.333333333,1.5
Russia (Soviet Union),1949,1,1,1,,0,1,1,0,0,2.333333333,1.333333333
Russia (Soviet Union),1950,1,1,1,1461,1461,1,1,0,0,1.666666667,1.111111111
Russia (Soviet Union),1990,2,1,1,4,4,1,1,0,0,1.333333333,1
Russia (Soviet Union),1991,1,1,1,477,477,1,1,0,0,1.333333333,1
Russia (Soviet Union),1993,1,1,1,2,2,1,0,1,0,1.333333333,1
Russia (Soviet Union),1994,1,1,1,,0,1,1,0,0,1,1
Russia (Soviet Union),1995,1,2,2,,0,1,1,0,0,1,1.333333333
Russia (Soviet Union),1996,1,2,2,713,713,1,1,0,0,1,1.666666667
Russia (Soviet Union),1999,2,1.5,2,7,7,1,1,0,0,1.333333333,1.833333333
Russia (Soviet Union),2000,1,2,2,,0,1,1,0,0,1.333333333,1.833333333
Russia (Soviet Union),2001,1,1,1,,0,1,1,0,0,1.333333333,1.5
Russia (Soviet Union),2002,1,2,2,,0,1,1,0,0,1,1.666666667
Russia (Soviet Union),2003,1,1,1,,0,1,1,0,0,1,1.333333333
Russia (Soviet Union),2004,1,2,2,,0,1,1,0,0,1,1.666666667
Russia (Soviet Union),2005,1,1,1,,0,1,1,0,0,1,1.333333333
Russia (Soviet Union),2006,1,1,1,,0,1,1,0,0,1,1.333333333
Russia (Soviet Union),2007,2,1,1,2978,2978,1,1,0,0,1.333333333,1
Russia (Soviet Union),2008,1,1,1,,0,1,1,0,0,1.333333333,1
Russia (Soviet Union),2009,1,1,1,,0,1,1,0,0,1.333333333,1
Russia (Soviet Union),2010,1,1,1,,0,1,1,0,0,1,1
Russia (Soviet Union),2011,1,1,1,,0,1,1,0,0,1,1
Russia (Soviet Union),2012,1,1,1,,0,1,1,0,0,1,1
Russia (Soviet Union),2013,1,1,1,,0,1,1,0,0,1,1
Russia (Soviet Union),2014,1,1,1,,0,1,1,0,0,1,1
Russia (Soviet Union),2015,2,1,1,2884,2884,1,1,0,0,1.333333333,1
Russia (Soviet Union),2016,1,1,1,,0,1,1,0,0,1.333333333,1
Russia (Soviet Union),2017,1,1,1,,0,1,1,0,0,1.333333333,1
Russia (Soviet Union),2018,1,1,1,,0,1,1,0,0,1,1
Russia (Soviet Union),2019,1,1,1,,0,1,1,0,0,1,1
Russia (Soviet Union),2020,1,1,1,1976,1976,1,1,0,0,1,1
Russia (Soviet Union),2023,1,1,1,,0,1,0,1,0,1,1
"Russia (Soviet Union), Ukraine",2022,1,2,2,,0,1,0,0,1,1,2
"Russia (Soviet Union), Ukraine",2023,1,2,2,,0,1,0,0,1,1,2
Rwanda,1990,1,2,2,,0,1,0,1,0,1,2
Rwanda,1991,1,1,1,,0,1,0,1,0,1,1.5
Rwanda,1992,1,1,1,,0,1,0,1,0,1,1.333333333
Rwanda,1993,1,1,1,,0,1,0,1,0,1,1
Rwanda,1994,1,2,2,1370,1370,1,0,1,0,1,1.333333333
Rwanda,1996,1,1,1,,0,1,0,1,0,1,1.333333333
Rwanda,1997,1,2,2,,0,1,0,1,0,1,1.666666667
Rwanda,1998,1,2,2,,0,1,0,1,0,1,1.666666667
Rwanda,1999,1,1,1,,0,1,0,1,0,1,1.666666667
Rwanda,2000,1,1,1,,0,1,0,1,0,1,1.333333333
Rwanda,2001,1,2,2,,0,1,0,1,0,1,1.333333333
Rwanda,2002,1,1,1,2270,2270,1,0,1,0,1,1.333333333
Rwanda,2009,1,2,2,,0,1,0,1,0,1,1.666666667
Rwanda,2010,1,1,1,,0,1,0,1,0,1,1.333333333
Rwanda,2011,1,1,1,,0,1,0,1,0,1,1.333333333
Rwanda,2012,1,1,1,1385,1385,1,0,1,0,1,1
Rwanda,2016,1,1,1,231,231,1,0,1,0,1,1
Rwanda,2019,1,1,1,,0,1,0,1,0,1,1
Rwanda,2020,1,1,1,585,585,1,0,1,0,1,1
Rwanda,2022,1,1,1,,0,1,0,1,0,1,1
Rwanda,2023,1,1,1,,0,1,0,1,0,1,1
Saudi Arabia,1979,1,1,1,14,14,1,0,1,0,1,1
Senegal,1990,1,1,1,122,122,1,1,0,0,1,1
Senegal,1992,1,1,1,,0,1,1,0,0,1,1
Senegal,1993,1,1,1,441,441,1,1,0,0,1,1
Senegal,1995,1,1,1,218,218,1,1,0,0,1,1
Senegal,1997,1,1,1,,0,1,1,0,0,1,1
Senegal,1998,1,1,1,594,594,1,1,0,0,1,1
Senegal,2000,1,1,1,,0,1,1,0,0,1,1
Senegal,2001,1,1,1,605,605,1,1,0,0,1,1
Senegal,2003,1,1,1,264,264,1,1,0,0,1,1
Senegal,2011,1,1,1,10,10,1,1,0,0,1,1
Serbia (Yugoslavia),1991,2,1.5,2,5,5,1,1,0,0,2,1.5
Serbia (Yugoslavia),1992,1,1,1,254,254,1,1,0,0,1.5,1.25
Serbia (Yugoslavia),1998,1,2,2,,0,1,1,0,0,1.333333333,1.5
Serbia (Yugoslavia),1999,1,2,2,625,625,1,1,0,0,1,1.666666667
Sierra Leone,1991,1,1,1,,0,1,0,1,0,1,1
Sierra Leone,1992,1,1,1,,0,1,0,1,0,1,1
Sierra Leone,1993,1,1,1,,0,1,0,1,0,1,1
Sierra Leone,1994,1,1,1,,0,1,0,1,0,1,1
Sierra Leone,1995,1,2,2,,0,1,0,1,0,1,1.333333333
Sierra Leone,1996,1,1,1,,0,1,0,1,0,1,1.333333333
Sierra Leone,1997,1,1,1,,0,1,0,1,0,1,1.333333333
Sierra Leone,1998,1,2,2,,0,1,0,1,0,1,1.333333333
Sierra Leone,1999,1,2,2,,0,1,0,1,0,1,1.666666667
Sierra Leone,2000,1,1,1,,0,1,0,1,0,1,1.666666667
Sierra Leone,2001,1,1,1,3916,3916,1,0,1,0,1,1.333333333
Somalia,1982,1,1,1,,0,1,0,1,0,1,1
Somalia,1983,1,1,1,,0,1,0,1,0,1,1
Somalia,1984,1,1,1,731,731,1,0,1,0,1,1
Somalia,1986,1,1,1,,0,1,0,1,0,1,1
Somalia,1987,1,1,1,,0,1,0,1,0,1,1
Somalia,1988,1,2,2,,0,1,0,1,0,1,1.333333333
Somalia,1989,1,1,1,,0,1,0,1,0,1,1.333333333
Somalia,1990,1,2,2,,0,1,0,1,0,1,1.666666667
Somalia,1991,1,2,2,,0,1,0,1,0,1,1.666666667
Somalia,1992,1,2,2,,0,1,0,1,0,1,2
Somalia,1993,1,1,1,,0,1,0,1,0,1,1.666666667
Somalia,1994,1,1,1,,0,1,0,1,0,1,1.333333333
Somalia,1995,1,1,1,,0,1,0,1,0,1,1
Somalia,1996,1,1,1,3945,3945,1,0,1,0,1,1
Somalia,2001,1,1,1,,0,1,0,1,0,1,1
Somalia,2002,1,1,1,534,534,1,0,1,0,1,1
Somalia,2006,1,1,1,,0,1,0,1,0,1,1
Somalia,2007,1,2,2,,0,1,0,1,0,1,1.333333333
Somalia,2008,1,2,2,,0,1,0,1,0,1,1.666666667
Somalia,2009,1,2,2,,0,1,0,1,0,1,2
Somalia,2010,1,2,2,,0,1,0,1,0,1,2
Somalia,2011,1,2,2,,0,1,0,1,0,1,2
Somalia,2012,1,2,2,,0,1,0,1,0,1,2
Somalia,2013,1,1,1,,0,1,0,1,0,1,1.666666667
Somalia,2014,1,2,2,,0,1,0,1,0,1,1.666666667
Somalia,2015,1,2,2,,0,1,0,1,0,1,1.666666667
Somalia,2016,1,2,2,,0,1,0,1,0,1,2
Somalia,2017,1,2,2,,0,1,0,1,0,1,2
Somalia,2018,2,1.5,2,174,174,2,1,1,0,1.333333333,1.833333333
Somalia,2019,2,1.5,2,,0,1,1,1,0,1.666666667,1.666666667
Somalia,2020,2,1.5,2,,0,1,1,1,0,2,1.5
Somalia,2021,2,1.5,2,929,929,1,1,1,0,2,1.5
Somalia,2022,1,2,2,,0,1,0,1,0,1.666666667,1.666666667
Somalia,2023,1,2,2,,0,1,0,1,0,1.333333333,1.833333333
South Africa,1966,1,1,1,,0,1,1,0,0,1,1
South Africa,1967,1,1,1,,0,1,1,0,0,1,1
South Africa,1968,1,1,1,,0,1,1,0,0,1,1
South Africa,1969,1,1,1,,0,1,1,0,0,1,1
South Africa,1970,1,1,1,,0,1,1,0,0,1,1
South Africa,1971,1,1,1,,0,1,1,0,0,1,1
South Africa,1972,1,1,1,,0,1,1,0,0,1,1
South Africa,1973,1,1,1,,0,1,1,0,0,1,1
South Africa,1974,1,1,1,,0,1,1,0,0,1,1
South Africa,1975,1,1,1,,0,1,1,0,0,1,1
South Africa,1976,1,1,1,,0,1,1,0,0,1,1
South Africa,1977,1,1,1,,0,1,1,0,0,1,1
South Africa,1978,1,2,2,,0,1,1,0,0,1,1.333333333
South Africa,1979,1,1,1,,0,1,1,0,0,1,1.333333333
South Africa,1980,1,2,2,,0,1,1,0,0,1,1.666666667
South Africa,1981,2,1.5,2,,0,1,1,1,0,1.333333333,1.5
South Africa,1982,2,1.5,2,,0,1,1,1,0,1.666666667,1.666666667
South Africa,1983,2,1.5,2,876,876,1,1,1,0,2,1.5
South Africa,1984,1,1,1,,0,1,1,0,0,1.666666667,1.333333333
South Africa,1985,2,1,1,,0,1,1,1,0,1.666666667,1.166666667
South Africa,1986,2,1.5,2,,0,1,1,1,0,1.666666667,1.166666667
South Africa,1987,2,1.5,2,,0,1,1,1,0,2,1.333333333
South Africa,1988,2,1.5,2,1284,1284,1,1,1,0,2,1.5
South Africa,1989,1,1,1,8161,8161,1,1,0,0,1.666666667,1.333333333
South Sudan,2011,1,1,1,,0,1,0,1,0,1,1
South Sudan,2012,1,1,1,,0,1,0,1,0,1,1
South Sudan,2013,1,1,1,,0,1,0,1,0,1,1
South Sudan,2014,1,2,2,,0,1,0,1,0,1,1.333333333
South Sudan,2015,1,1,1,,0,1,0,1,0,1,1.333333333
South Sudan,2016,1,1,1,,0,1,0,1,0,1,1.333333333
South Sudan,2017,1,1,1,,0,1,0,1,0,1,1
South Sudan,2018,1,1,1,,0,1,0,1,0,1,1
South Sudan,2019,1,1,1,,0,1,0,1,0,1,1
South Sudan,2020,1,1,1,,0,1,0,1,0,1,1
South Sudan,2021,1,1,1,3782,3782,1,0,1,0,1,1
"South Sudan, Sudan",2012,1,1,1,274,274,1,1,0,0,1,1
South Vietnam,1955,1,2,2,,0,1,1,0,0,1,2
South Vietnam,1956,1,2,2,,0,1,1,0,0,1,2
South Vietnam,1957,1,2,2,,0,1,1,0,0,1,2
South Vietnam,1958,1,2,2,,0,1,1,0,0,1,2
South Vietnam,1959,1,2,2,,0,1,1,0,0,1,2
South Vietnam,1960,1,2,2,,0,1,1,0,0,1,2
South Vietnam,1961,1,2,2,,0,1,1,0,0,1,2
South Vietnam,1962,1,2,2,,0,1,1,0,0,1,2
South Vietnam,1963,1,2,2,,0,1,1,0,0,1,2
South Vietnam,1964,1,2,2,3533,3533,1,1,0,0,1,2
"South Vietnam, Vietnam (North Vietnam)",1965,1,2,2,,0,1,1,0,0,1,2
"South Vietnam, Vietnam (North Vietnam)",1966,1,2,2,,0,1,1,0,0,1,2
"South Vietnam, Vietnam (North Vietnam)",1967,1,2,2,,0,1,1,0,0,1,2
"South Vietnam, Vietnam (North Vietnam)",1968,1,2,2,,0,1,1,0,0,1,2
"South Vietnam, Vietnam (North Vietnam)",1969,1,2,2,,0,1,1,0,0,1,2
"South Vietnam, Vietnam (North Vietnam)",1970,1,2,2,,0,1,1,0,0,1,2
"South Vietnam, Vietnam (North Vietnam)",1971,1,2,2,,0,1,1,0,0,1,2
"South Vietnam, Vietnam (North Vietnam)",1972,1,2,2,,0,1,1,0,0,1,2
"South Vietnam, Vietnam (North Vietnam)",1973,1,2,2,,0,1,1,0,0,1,2
"South Vietnam, Vietnam (North Vietnam)",1974,1,2,2,,0,1,1,0,0,1,2
"South Vietnam, Vietnam (North Vietnam)",1975,1,2,2,3407,3407,1,1,0,0,1,2
South Yemen,1964,1,1,1,,0,1,1,0,0,1,1
South Yemen,1965,1,1,1,,0,1,1,0,0,1,1
South Yemen,1966,1,1,1,,0,1,1,0,0,1,1
South Yemen,1967,1,1,1,1099,1099,1,1,0,0,1,1
South Yemen,1986,1,2,2,7,7,1,0,1,0,1,1.333333333
"South Yemen, Yemen (North Yemen)",1972,1,1,1,241,241,1,0,0,1,1,1
"South Yemen, Yemen (North Yemen)",1979,1,1,1,0,0,1,0,0,1,1,1
Spain,1978,1,1,1,,0,1,1,0,0,1,1
Spain,1979,1,1,1,,0,1,1,0,0,1,1
Spain,1980,1,1,1,,0,1,1,0,0,1,1
Spain,1981,1,1,1,,0,1,1,0,0,1,1
Spain,1982,1,1,1,1529,1529,1,1,0,0,1,1
Spain,1985,1,1,1,,0,1,1,0,0,1,1
Spain,1986,1,1,1,,0,1,1,0,0,1,1
Spain,1987,1,1,1,738,738,1,1,0,0,1,1
Spain,1991,1,1,1,168,168,1,1,0,0,1,1
Sri Lanka,1971,1,2,2,40,40,1,0,1,0,1,2
Sri Lanka,1984,1,1,1,,0,1,1,0,0,1,1.5
Sri Lanka,1985,1,1,1,,0,1,1,0,0,1,1.333333333
Sri Lanka,1986,1,1,1,,0,1,1,0,0,1,1
Sri Lanka,1987,1,2,2,,0,1,1,0,0,1,1.333333333
Sri Lanka,1988,1,1,1,,0,1,1,0,0,1,1.333333333
Sri Lanka,1989,2,1,1,,0,1,1,1,0,1.333333333,1.333333333
Sri Lanka,1990,2,1.5,2,375,375,1,1,1,0,1.666666667,1.166666667
Sri Lanka,1991,1,2,2,,0,1,1,0,0,1.666666667,1.5
Sri Lanka,1992,1,2,2,,0,1,1,0,0,1.333333333,1.833333333
Sri Lanka,1993,1,2,2,,0,1,1,0,0,1,2
Sri Lanka,1994,1,1,1,,0,1,1,0,0,1,1.666666667
Sri Lanka,1995,1,2,2,,0,1,1,0,0,1,1.666666667
Sri Lanka,1996,1,2,2,,0,1,1,0,0,1,1.666666667
Sri Lanka,1997,1,2,2,,0,1,1,0,0,1,2
Sri Lanka,1998,1,2,2,,0,1,1,0,0,1,2
Sri Lanka,1999,1,2,2,,0,1,1,0,0,1,2
Sri Lanka,2000,1,2,2,,0,1,1,0,0,1,2
Sri Lanka,2001,1,2,2,6311,6311,1,1,0,0,1,2
Sri Lanka,2003,1,1,1,56,56,1,1,0,0,1,1.666666667
Sri Lanka,2005,1,1,1,,0,1,1,0,0,1,1.333333333
Sri Lanka,2006,1,2,2,,0,1,1,0,0,1,1.333333333
Sri Lanka,2007,1,2,2,,0,1,1,0,0,1,1.666666667
Sri Lanka,2008,1,2,2,,0,1,1,0,0,1,2
Sri Lanka,2009,1,2,2,1310,1310,1,1,0,0,1,2
Sudan,1963,1,2,2,,0,1,1,0,0,1,2
Sudan,1964,1,2,2,,0,1,1,0,0,1,2
Sudan,1965,1,2,2,,0,1,1,0,0,1,2
Sudan,1966,1,2,2,,0,1,1,0,0,1,2
Sudan,1967,1,2,2,,0,1,1,0,0,1,2
Sudan,1968,1,2,2,,0,1,1,0,0,1,2
Sudan,1969,1,2,2,,0,1,1,0,0,1,2
Sudan,1970,1,2,2,,0,1,1,0,0,1,2
Sudan,1971,2,1.5,2,0,0,1,1,1,0,1.333333333,1.833333333
Sudan,1972,1,2,2,2953,2953,1,1,0,0,1.333333333,1.833333333
Sudan,1976,1,1,1,0,0,1,0,1,0,1.333333333,1.5
Sudan,1983,1,2,2,,0,1,0,1,0,1,1.666666667
Sudan,1984,1,2,2,,0,1,0,1,0,1,1.666666667
Sudan,1985,1,2,2,,0,1,0,1,0,1,2
Sudan,1986,1,2,2,,0,1,0,1,0,1,2
Sudan,1987,1,2,2,,0,1,0,1,0,1,2
Sudan,1988,1,2,2,,0,1,0,1,0,1,2
Sudan,1989,1,2,2,,0,1,0,1,0,1,2
Sudan,1990,1,2,2,,0,1,0,1,0,1,2
Sudan,1991,1,2,2,,0,1,0,1,0,1,2
Sudan,1992,1,2,2,,0,1,0,1,0,1,2
Sudan,1993,1,1,1,,0,1,0,1,0,1,1.666666667
Sudan,1994,1,1,1,,0,1,0,1,0,1,1.333333333
Sudan,1995,1,2,2,,0,1,0,1,0,1,1.333333333
Sudan,1996,1,2,2,,0,1,0,1,0,1,1.666666667
Sudan,1997,1,2,2,,0,1,0,1,0,1,2
Sudan,1998,1,2,2,,0,1,0,1,0,1,2
Sudan,1999,1,2,2,,0,1,0,1,0,1,2
Sudan,2000,1,2,2,,0,1,0,1,0,1,2
Sudan,2001,1,2,2,,0,1,0,1,0,1,2
Sudan,2002,1,2,2,,0,1,0,1,0,1,2
Sudan,2003,1,2,2,,0,1,0,1,0,1,2
Sudan,2004,1,2,2,,0,1,0,1,0,1,2
Sudan,2005,1,1,1,,0,1,0,1,0,1,1.666666667
Sudan,2006,1,2,2,,0,1,0,1,0,1,1.666666667
Sudan,2007,1,1,1,,0,1,0,1,0,1,1.333333333
Sudan,2008,1,1,1,,0,1,0,1,0,1,1.333333333
Sudan,2009,1,1,1,,0,1,0,1,0,1,1
Sudan,2010,1,2,2,,0,1,0,1,0,1,1.333333333
Sudan,2011,2,1.5,2,27,27,2,1,1,0,1.333333333,1.5
Sudan,2012,1,2,2,,0,1,0,1,0,1.333333333,1.833333333
Sudan,2013,1,1,1,,0,1,0,1,0,1.333333333,1.5
Sudan,2014,1,1,1,,0,1,0,1,0,1,1.333333333
Sudan,2015,1,2,2,,0,1,0,1,0,1,1.333333333
Sudan,2016,1,2,2,,0,1,0,1,0,1,1.666666667
Sudan,2017,1,1,1,,0,1,0,1,0,1,1.666666667
Sudan,2018,1,1,1,12997,12997,1,0,1,0,1,1.333333333
Sudan,2020,1,1,1,,0,1,0,1,0,1,1
Sudan,2021,1,1,1,,0,1,0,1,0,1,1
Sudan,2022,1,1,1,,0,1,0,1,0,1,1
Sudan,2023,1,2,2,,0,1,0,1,0,1,1.333333333
Suriname,1987,1,1,1,80,80,1,0,1,0,1,1
Syria,1966,1,1,1,0,0,1,0,1,0,1,1
Syria,1979,1,1,1,,0,1,0,1,0,1,1
Syria,1980,1,1,1,,0,1,0,1,0,1,1
Syria,1981,1,1,1,,0,1,0,1,0,1,1
Syria,1982,1,2,2,962,962,1,0,1,0,1,1.333333333
Syria,2011,1,2,2,,0,1,0,1,0,1,1.666666667
Syria,2012,2,1.5,2,,0,1,1,1,0,1.333333333,1.833333333
Syria,2013,3,1.666666667,2,,0,1,1,1,0,2,1.722222222
Syria,2014,3,1.666666667,2,,0,1,1,1,0,2.666666667,1.611111111
Syria,2015,3,1.666666667,2,1051,1051,2,1,1,0,3,1.666666667
Syria,2016,3,1.666666667,2,219,219,2,1,1,1,3,1.666666667
Syria,2017,2,2,2,,0,1,1,1,0,2.666666667,1.777777778
Syria,2018,3,1.666666667,2,106,106,2,1,1,1,2.666666667,1.777777778
Syria,2019,2,1.5,2,,0,1,1,1,0,2.333333333,1.722222222
Syria,2020,2,2,2,,0,1,1,1,0,2.333333333,1.722222222
Syria,2021,2,1,1,,0,1,1,1,0,2,1.5
Syria,2022,2,1,1,,0,1,1,1,0,2,1.333333333
Syria,2023,3,1.333333333,2,,0,2,1,1,1,2.333333333,1.111111111
Tajikistan,1992,1,2,2,,0,1,0,1,0,1,2
Tajikistan,1993,1,2,2,,0,1,0,1,0,1,2
Tajikistan,1994,1,1,1,,0,1,0,1,0,1,1.666666667
Tajikistan,1995,1,1,1,,0,1,0,1,0,1,1.333333333
Tajikistan,1996,1,2,2,,0,1,0,1,0,1,1.333333333
Tajikistan,1997,1,1,1,,0,1,0,1,0,1,1.333333333
Tajikistan,1998,1,1,1,2381,2381,1,0,1,0,1,1.333333333
Tajikistan,2000,1,1,1,0,0,1,0,1,0,1,1
Tajikistan,2010,1,1,1,,0,1,0,1,0,1,1
Tajikistan,2011,1,1,1,319,319,1,0,1,0,1,1
Tanzania,2020,1,1,1,0,0,1,1,0,0,1,1
"Tanzania, Uganda",1978,1,1,1,1,1,1,1,0,0,1,1
Thailand,1951,1,1,1,1,1,1,0,1,0,1,1
Thailand,1974,1,1,1,,0,1,0,1,0,1,1
Thailand,1975,1,1,1,,0,1,0,1,0,1,1
Thailand,1976,1,1,1,,0,1,0,1,0,1,1
Thailand,1977,1,1,1,,0,1,0,1,0,1,1
Thailand,1978,1,1,1,,0,1,0,1,0,1,1
Thailand,1979,1,1,1,,0,1,0,1,0,1,1
Thailand,1980,1,1,1,,0,1,0,1,0,1,1
Thailand,1981,1,1,1,,0,1,0,1,0,1,1
Thailand,1982,1,1,1,2983,2983,1,0,1,0,1,1
Thailand,2003,1,1,1,,0,1,1,0,0,1,1
Thailand,2004,1,1,1,,0,1,1,0,0,1,1
Thailand,2005,1,1,1,,0,1,1,0,0,1,1
Thailand,2006,1,1,1,,0,1,1,0,0,1,1
Thailand,2007,1,1,1,,0,1,1,0,0,1,1
Thailand,2008,1,1,1,,0,1,1,0,0,1,1
Thailand,2009,1,1,1,,0,1,1,0,0,1,1
Thailand,2010,1,1,1,,0,1,1,0,0,1,1
Thailand,2011,1,1,1,,0,1,1,0,0,1,1
Thailand,2012,1,1,1,,0,1,1,0,0,1,1
Thailand,2013,1,1,1,,0,1,1,0,0,1,1
Thailand,2014,1,1,1,,0,1,1,0,0,1,1
Thailand,2015,1,1,1,,0,1,1,0,0,1,1
Thailand,2016,1,1,1,,0,1,1,0,0,1,1
Thailand,2017,1,1,1,,0,1,1,0,0,1,1
Thailand,2018,1,1,1,,0,1,1,0,0,1,1
Thailand,2019,1,1,1,,0,1,1,0,0,1,1
Thailand,2020,1,1,1,,0,1,1,0,0,1,1
Thailand,2021,1,1,1,,0,1,1,0,0,1,1
Thailand,2022,1,1,1,,0,1,1,0,0,1,1
Thailand,2023,1,1,1,,0,1,1,0,0,1,1
Togo,1986,1,1,1,1,1,1,0,1,0,1,1
Togo,2022,1,1,1,,0,1,0,1,0,1,1
Togo,2023,1,1,1,,0,1,0,1,0,1,1
Trinidad and Tobago,1990,1,1,1,0,0,1,0,1,0,1,1
Tunisia,1953,1,1,1,,0,1,1,0,0,1,1
Tunisia,1954,1,1,1,,0,1,1,0,0,1,1
Tunisia,1955,1,1,1,,0,1,1,0,0,1,1
Tunisia,1956,1,1,1,1055,1055,1,1,0,0,1,1
Tunisia,1980,1,1,1,0,0,1,0,1,0,1,1
Tunisia,2013,1,1,1,,0,1,0,1,0,1,1
Tunisia,2014,1,1,1,,0,1,0,1,0,1,1
Tunisia,2015,1,1,1,759,759,1,0,1,0,1,1
Tunisia,2016,1,1,1,14,14,1,1,0,0,1,1
Turkey,1984,1,1,1,,0,1,1,0,0,1,1
Turkey,1985,1,1,1,,0,1,1,0,0,1,1
Turkey,1986,1,1,1,,0,1,1,0,0,1,1
Turkey,1987,1,1,1,,0,1,1,0,0,1,1
Turkey,1988,1,1,1,,0,1,1,0,0,1,1
Turkey,1989,1,1,1,,0,1,1,0,0,1,1
Turkey,1990,1,1,1,,0,1,1,0,0,1,1
Turkey,1991,2,1,1,,0,1,1,1,0,1.333333333,1
Turkey,1992,2,1.5,2,,0,1,1,1,0,1.666666667,1.166666667
Turkey,1993,2,1.5,2,868,868,1,1,1,0,2,1.333333333
Turkey,1994,1,2,2,,0,1,1,0,0,1.666666667,1.666666667
Turkey,1995,1,2,2,,0,1,1,0,0,1.333333333,1.833333333
Turkey,1996,1,2,2,,0,1,1,0,0,1,2
Turkey,1997,1,2,2,,0,1,1,0,0,1,2
Turkey,1998,1,2,2,,0,1,1,0,0,1,2
Turkey,1999,1,2,2,,0,1,1,0,0,1,2
Turkey,2000,2,1,1,231,231,1,1,1,0,1.333333333,1.666666667
Turkey,2001,1,1,1,,0,1,1,0,0,1.333333333,1.333333333
Turkey,2002,1,1,1,,0,1,1,0,0,1.333333333,1
Turkey,2003,1,1,1,,0,1,1,0,0,1,1
Turkey,2004,1,1,1,,0,1,1,0,0,1,1
Turkey,2005,2,1,1,122,122,1,1,1,0,1.333333333,1
Turkey,2006,1,1,1,,0,1,1,0,0,1.333333333,1
Turkey,2007,1,1,1,,0,1,1,0,0,1.333333333,1
Turkey,2008,1,1,1,,0,1,1,0,0,1,1
Turkey,2009,1,1,1,,0,1,1,0,0,1,1
Turkey,2010,1,1,1,,0,1,1,0,0,1,1
Turkey,2011,1,1,1,,0,1,1,0,0,1,1
Turkey,2012,1,1,1,,0,1,1,0,0,1,1
Turkey,2013,1,1,1,10436,10436,1,1,0,0,1,1
Turkey,2015,2,1,1,,0,1,1,0,0,1.333333333,1
Turkey,2016,3,1.666666667,2,304,304,1,1,1,0,2,1.222222222
Turkey,2017,2,1,1,662,662,1,1,0,0,2.333333333,1.222222222
Turkey,2018,1,1,1,,0,1,1,0,0,2,1.222222222
Turkey,2019,1,1,1,,0,1,1,0,0,1.333333333,1
Turkey,2020,1,1,1,,0,1,1,0,0,1,1
Turkey,2021,1,1,1,,0,1,1,0,0,1,1
Turkey,2022,1,1,1,,0,1,1,0,0,1,1
Turkey,2023,1,1,1,,0,1,1,0,0,1,1
Uganda,1971,1,1,1,,0,1,0,1,0,1,1
Uganda,1972,1,1,1,600,600,1,0,1,0,1,1
Uganda,1974,1,1,1,0,0,1,0,1,0,1,1
Uganda,1979,1,1,1,,0,1,0,1,0,1,1
Uganda,1980,1,1,1,,0,1,0,1,0,1,1
Uganda,1981,1,2,2,,0,1,0,1,0,1,1.333333333
Uganda,1982,1,2,2,,0,1,0,1,0,1,1.666666667
Uganda,1983,1,2,2,,0,1,0,1,0,1,2
Uganda,1984,1,2,2,,0,1,0,1,0,1,2
Uganda,1985,1,2,2,,0,1,0,1,0,1,2
Uganda,1986,1,2,2,,0,1,0,1,0,1,2
Uganda,1987,1,2,2,,0,1,0,1,0,1,2
Uganda,1988,1,2,2,,0,1,0,1,0,1,2
Uganda,1989,1,2,2,,0,1,0,1,0,1,2
Uganda,1990,1,1,1,,0,1,0,1,0,1,1.666666667
Uganda,1991,1,1,1,,0,1,0,1,0,1,1.333333333
Uganda,1992,1,1,1,4948,4948,1,0,1,0,1,1
Uganda,1994,1,1,1,,0,1,0,1,0,1,1
Uganda,1995,1,1,1,,0,1,0,1,0,1,1
Uganda,1996,1,2,2,,0,1,0,1,0,1,1.333333333
Uganda,1997,1,1,1,,0,1,0,1,0,1,1.333333333
Uganda,1998,1,1,1,,0,1,0,1,0,1,1.333333333
Uganda,1999,1,1,1,,0,1,0,1,0,1,1
Uganda,2000,1,1,1,,0,1,0,1,0,1,1
Uganda,2001,1,1,1,,0,1,0,1,0,1,1
Uganda,2002,1,2,2,,0,1,0,1,0,1,1.333333333
Uganda,2003,1,1,1,,0,1,0,1,0,1,1.333333333
Uganda,2004,1,2,2,,0,1,0,1,0,1,1.666666667
Uganda,2005,1,1,1,,0,1,0,1,0,1,1.333333333
Uganda,2006,1,1,1,,0,1,0,1,0,1,1.333333333
Uganda,2007,1,1,1,,0,1,0,1,0,1,1
Uganda,2008,1,1,1,,0,1,0,1,0,1,1
Uganda,2009,1,1,1,,0,1,0,1,0,1,1
Uganda,2010,1,1,1,,0,1,0,1,0,1,1
Uganda,2011,1,1,1,6464,6464,1,0,1,0,1,1
Uganda,2013,1,1,1,,0,1,0,1,0,1,1
Uganda,2014,1,1,1,,0,1,0,1,0,1,1
Uganda,2015,1,1,1,,0,1,0,1,0,1,1
Uganda,2016,1,1,1,,0,1,0,1,0,1,1
Uganda,2017,1,1,1,1642,1642,1,0,1,0,1,1
Uganda,2022,1,1,1,6,6,1,1,0,0,1,1
Ukraine,2014,4,1.75,2,78,234,2,1,1,0,4,1.75
Ukraine,2015,1,2,2,,0,1,1,0,0,2.5,1.875
Ukraine,2016,1,1,1,,0,1,1,0,0,2,1.583333333
Ukraine,2017,1,1,1,,0,1,1,0,0,1,1.333333333
Ukraine,2018,1,1,1,,0,1,1,0,0,1,1
Ukraine,2019,1,1,1,,0,1,1,0,0,1,1
Ukraine,2020,1,1,1,,0,1,1,0,0,1,1
Ukraine,2021,1,1,1,,0,1,1,0,0,1,1
Ukraine,2022,1,1,1,2717,2717,1,1,0,0,1,1
United Kingdom,1971,1,1,1,,0,1,1,0,0,1,1
United Kingdom,1972,1,1,1,,0,1,1,0,0,1,1
United Kingdom,1973,1,1,1,,0,1,1,0,0,1,1
United Kingdom,1974,1,1,1,,0,1,1,0,0,1,1
United Kingdom,1975,1,1,1,,0,1,1,0,0,1,1
United Kingdom,1976,1,1,1,,0,1,1,0,0,1,1
United Kingdom,1977,1,1,1,,0,1,1,0,0,1,1
United Kingdom,1978,1,1,1,,0,1,1,0,0,1,1
United Kingdom,1979,1,1,1,,0,1,1,0,0,1,1
United Kingdom,1980,1,1,1,,0,1,1,0,0,1,1
United Kingdom,1981,1,1,1,,0,1,1,0,0,1,1
United Kingdom,1982,1,1,1,,0,1,1,0,0,1,1
United Kingdom,1983,1,1,1,,0,1,1,0,0,1,1
United Kingdom,1984,1,1,1,,0,1,1,0,0,1,1
United Kingdom,1985,1,1,1,,0,1,1,0,0,1,1
United Kingdom,1986,1,1,1,,0,1,1,0,0,1,1
United Kingdom,1987,1,1,1,,0,1,1,0,0,1,1
United Kingdom,1988,1,1,1,,0,1,1,0,0,1,1
United Kingdom,1989,1,1,1,,0,1,1,0,0,1,1
United Kingdom,1990,1,1,1,,0,1,1,0,0,1,1
United Kingdom,1991,1,1,1,7392,7392,1,1,0,0,1,1
United Kingdom,1998,1,1,1,0,0,1,1,0,0,1,1
United States of America,1950,1,1,1,2,2,1,1,0,0,1,1
United States of America,2001,1,2,2,,0,1,0,1,0,1,1.5
United States of America,2002,1,1,1,,0,1,0,1,0,1,1.333333333
United States of America,2003,1,1,1,,0,1,0,1,0,1,1.333333333
United States of America,2004,1,1,1,,0,1,0,1,0,1,1
United States of America,2005,1,1,1,,0,1,0,1,0,1,1
United States of America,2006,1,1,1,,0,1,0,1,0,1,1
United States of America,2007,1,1,1,,0,1,0,1,0,1,1
United States of America,2008,1,1,1,,0,1,0,1,0,1,1
United States of America,2009,1,1,1,,0,1,0,1,0,1,1
United States of America,2010,1,1,1,,0,1,0,1,0,1,1
United States of America,2011,1,1,1,,0,1,0,1,0,1,1
United States of America,2012,1,1,1,,0,1,0,1,0,1,1
United States of America,2013,1,1,1,,0,1,0,1,0,1,1
United States of America,2014,1,1,1,,0,1,0,1,0,1,1
United States of America,2015,1,1,1,,0,1,0,1,0,1,1
United States of America,2016,1,1,1,,0,1,0,1,0,1,1
United States of America,2017,1,1,1,5928,5928,1,0,1,0,1,1
United States of America,2019,1,1,1,38,38,1,0,1,0,1,1
Uruguay,1972,1,1,1,245,245,1,0,1,0,1,1
Uzbekistan,1999,1,1,1,,0,1,0,1,0,1,1
Uzbekistan,2000,1,1,1,551,551,1,0,1,0,1,1
Uzbekistan,2004,1,1,1,122,122,1,0,1,0,1,1
Venezuela,1962,1,1,1,211,211,1,0,1,0,1,1
Venezuela,1982,1,1,1,157,157,1,0,1,0,1,1
Venezuela,1992,1,1,1,297,297,1,0,1,0,1,1
Vietnam (North Vietnam),1946,1,2,2,,0,1,1,0,0,1,2
Vietnam (North Vietnam),1947,1,2,2,,0,1,1,0,0,1,2
Vietnam (North Vietnam),1948,1,2,2,,0,1,1,0,0,1,2
Vietnam (North Vietnam),1949,1,2,2,,0,1,1,0,0,1,2
Vietnam (North Vietnam),1950,1,2,2,,0,1,1,0,0,1,2
Vietnam (North Vietnam),1951,1,2,2,,0,1,1,0,0,1,2
Vietnam (North Vietnam),1952,1,2,2,,0,1,1,0,0,1,2
Vietnam (North Vietnam),1953,1,2,2,,0,1,1,0,0,1,2
Vietnam (North Vietnam),1954,1,2,2,2799,2799,1,1,0,0,1,2
Yemen (North Yemen),1948,1,2,2,0,0,1,0,1,0,1,2
Yemen (North Yemen),1962,1,2,2,,0,1,0,1,0,1,2
Yemen (North Yemen),1963,1,2,2,,0,1,0,1,0,1,2
Yemen (North Yemen),1964,1,2,2,,0,1,0,1,0,1,2
Yemen (North Yemen),1965,1,1,1,,0,1,0,1,0,1,1.666666667
Yemen (North Yemen),1966,1,2,2,,0,1,0,1,0,1,1.666666667
Yemen (North Yemen),1967,1,2,2,,0,1,0,1,0,1,1.666666667
Yemen (North Yemen),1968,1,1,1,,0,1,0,1,0,1,1.666666667
Yemen (North Yemen),1969,1,1,1,,0,1,0,1,0,1,1.333333333
Yemen (North Yemen),1970,1,1,1,2761,2761,1,0,1,0,1,1
Yemen (North Yemen),1979,1,1,1,,0,1,0,1,0,1,1
Yemen (North Yemen),1980,1,1,1,,0,1,0,1,0,1,1
Yemen (North Yemen),1981,1,1,1,,0,1,0,1,0,1,1
Yemen (North Yemen),1982,1,1,1,1157,1157,1,0,1,0,1,1
Yemen (North Yemen),1994,1,2,2,67,67,1,1,0,0,1,1.333333333
Yemen (North Yemen),2009,1,1,1,,0,1,0,1,0,1,1.333333333
Yemen (North Yemen),2010,1,1,1,,0,1,0,1,0,1,1.333333333
Yemen (North Yemen),2011,1,2,2,,0,1,0,1,0,1,1.333333333
Yemen (North Yemen),2012,1,2,2,,0,1,0,1,0,1,1.666666667
Yemen (North Yemen),2013,1,1,1,,0,1,0,1,0,1,1.666666667
Yemen (North Yemen),2014,1,2,2,,0,1,0,1,0,1,1.666666667
Yemen (North Yemen),2015,2,1.5,2,200,200,2,1,1,0,1.333333333,1.5
Yemen (North Yemen),2016,1,2,2,,0,1,0,1,0,1.333333333,1.833333333
Yemen (North Yemen),2017,2,1.5,2,0,0,2,1,1,0,1.666666667,1.666666667
Yemen (North Yemen),2018,1,2,2,,0,1,0,1,0,1.333333333,1.833333333
Yemen (North Yemen),2019,1,2,2,,0,1,0,1,0,1.333333333,1.833333333
Yemen (North Yemen),2020,2,1.5,2,29,29,2,1,1,0,1.333333333,1.833333333
Yemen (North Yemen),2021,1,2,2,,0,1,0,1,0,1.333333333,1.833333333
Yemen (North Yemen),2022,1,2,2,,0,1,0,1,0,1.333333333,1.833333333
Yemen (North Yemen),2023,1,1,1,,0,1,0,1,0,1,1.666666667
Zimbabwe (Rhodesia),1967,1,1,1,,0,1,0,1,0,1,1
Zimbabwe (Rhodesia),1968,1,1,1,483,483,1,0,1,0,1,1
Zimbabwe (Rhodesia),1973,1,1,1,,0,1,0,1,0,1,1
Zimbabwe (Rhodesia),1974,1,1,1,,0,1,0,1,0,1,1
Zimbabwe (Rhodesia),1975,1,1,1,,0,1,0,1,0,1,1
Zimbabwe (Rhodesia),1976,1,2,2,,0,1,0,1,0,1,1.333333333
Zimbabwe (Rhodesia),1977,1,2,2,,0,1,0,1,0,1,1.666666667
Zimbabwe (Rhodesia),1978,1,2,2,,0,1,0,1,0,1,2
Zimbabwe (Rhodesia),1979,1,2,2,2452,2452,1,0,1,0,1,2
